client_id,age,country,signup_date
1,56,Côte d’Ivoire,2022-08-21
2,69,Kenya,2021-06-20
3,46,Maroc,2024-05-22
4,32,Kenya,2025-06-02
5,60,Nigeria,2020-05-07
6,25,Côte d’Ivoire,2020-04-01
7,38,Côte d’Ivoire,2021-06-26
8,56,Nigeria,2022-04-25
9,36,Nigeria,2024-08-08
10,40,Maroc,2025-01-25
11,28,Côte d’Ivoire,2021-01-24
12,28,Kenya,2025-02-27
13,41,Sénégal,2020-02-12
14,53,Sénégal,2020-09-10
15,57,Nigeria,2022-12-19
16,41,Maroc,2024-03-20
17,20,Sénégal,2025-05-07
18,39,Côte d’Ivoire,2021-10-03
19,19,Nigeria,2021-11-20
20,41,Kenya,2023-06-30
21,61,Nigeria,2025-05-04
22,47,Kenya,2022-12-15
23,55,Nigeria,2024-01-26
24,19,Nigeria,2021-04-01
25,38,Nigeria,2022-09-09
26,50,Kenya,2025-10-31
27,29,Kenya,2023-01-27
28,39,Nigeria,2020-05-28
29,61,Sénégal,2023-09-14
30,42,Maroc,2023-03-25
31,66,Maroc,2020-07-08
32,44,Maroc,2022-06-01
33,59,Kenya,2021-02-03
34,45,Kenya,2021-08-31
35,33,Sénégal,2024-11-30
36,32,Maroc,2024-06-26
37,64,Maroc,2024-04-24
38,68,Nigeria,2025-11-18
39,61,Kenya,2023-10-14
40,69,Maroc,2023-11-04
41,20,Sénégal,2022-03-30
42,54,Sénégal,2022-03-30
43,68,Maroc,2021-02-23
44,24,Kenya,2020-05-03
45,38,Sénégal,2021-02-25
46,26,Nigeria,2024-02-17
47,56,Sénégal,2024-05-16
48,35,Côte d’Ivoire,2022-02-06
49,21,Côte d’Ivoire,2025-08-06
50,42,Kenya,2025-11-09
51,31,Maroc,2024-03-29
52,67,Kenya,2024-10-30
53,26,Kenya,2025-08-06
54,43,Kenya,2021-05-24
55,19,Kenya,2023-04-21
56,37,Nigeria,2021-01-20
57,45,Nigeria,2024-05-16
58,64,Sénégal,2022-01-11
59,24,Côte d’Ivoire,2025-03-26
60,61,Kenya,2023-12-17
61,25,Sénégal,2022-06-19
62,64,Côte d’Ivoire,2025-10-13
63,52,Maroc,2025-07-02
64,31,Nigeria,2020-08-29
65,34,Côte d’Ivoire,2025-07-13
66,53,Maroc,2020-06-21
67,67,Côte d’Ivoire,2021-11-02
68,57,Nigeria,2020-06-12
69,21,Nigeria,2021-04-09
70,19,Sénégal,2021-05-11
71,23,Kenya,2021-11-30
72,59,Côte d’Ivoire,2021-12-03
73,21,Côte d’Ivoire,2025-04-24
74,46,Maroc,2024-11-26
75,35,Nigeria,2020-07-01
76,43,Côte d’Ivoire,2021-09-20
77,61,Nigeria,2024-09-27
78,51,Côte d’Ivoire,2021-06-29
79,27,Sénégal,2024-05-06
80,53,Kenya,2021-09-15
81,31,Côte d’Ivoire,2021-08-16
82,48,Nigeria,2022-01-13
83,65,Sénégal,2024-11-03
84,32,Côte d’Ivoire,2023-12-30
85,25,Maroc,2025-05-02
86,31,Kenya,2025-08-30
87,40,Côte d’Ivoire,2020-04-14
88,57,Sénégal,2020-01-17
89,38,Maroc,2021-01-27
90,33,Sénégal,2021-02-28
91,62,Sénégal,2025-12-16
92,35,Maroc,2021-07-25
93,64,Sénégal,2025-09-07
94,41,Maroc,2023-01-25
95,43,Côte d’Ivoire,2020-08-29
96,42,Maroc,2022-02-27
97,62,Maroc,2021-12-15
98,58,Kenya,2022-01-28
99,46,Maroc,2022-02-14
100,32,Maroc,2020-03-19
101,62,Côte d’Ivoire,2022-05-05
102,18,Kenya,2023-12-10
103,42,Nigeria,2025-11-04
104,24,Côte d’Ivoire,2025-11-18
105,26,Côte d’Ivoire,2022-10-28
106,41,Nigeria,2022-04-24
107,18,Maroc,2020-03-27
108,61,Sénégal,2025-09-21
109,25,Kenya,2021-02-11
110,41,Sénégal,2024-07-26
111,28,Nigeria,2020-05-27
112,68,Côte d’Ivoire,2020-08-19
113,34,Côte d’Ivoire,2025-05-04
114,25,Kenya,2020-12-31
115,52,Côte d’Ivoire,2024-08-01
116,52,Côte d’Ivoire,2021-03-11
117,50,Kenya,2021-02-02
118,22,Kenya,2023-05-19
119,59,Nigeria,2023-11-15
120,56,Côte d’Ivoire,2021-07-16
121,58,Côte d’Ivoire,2023-07-08
122,45,Nigeria,2022-02-11
123,24,Maroc,2025-07-30
124,26,Maroc,2023-09-05
125,25,Maroc,2025-12-25
126,29,Nigeria,2024-04-22
127,51,Côte d’Ivoire,2022-09-18
128,50,Nigeria,2023-05-31
129,65,Nigeria,2020-12-25
130,40,Maroc,2022-07-09
131,41,Sénégal,2022-08-20
132,54,Côte d’Ivoire,2025-01-01
133,52,Maroc,2024-06-01
134,61,Sénégal,2024-06-28
135,57,Sénégal,2020-08-04
136,39,Kenya,2021-01-12
137,44,Côte d’Ivoire,2020-04-28
138,52,Sénégal,2020-07-08
139,18,Maroc,2021-01-04
140,52,Kenya,2024-12-06
141,54,Côte d’Ivoire,2021-10-13
142,64,Nigeria,2025-02-25
143,31,Maroc,2024-02-20
144,20,Sénégal,2022-02-08
145,18,Sénégal,2022-02-19
146,22,Maroc,2024-09-12
147,43,Sénégal,2023-08-04
148,31,Kenya,2023-06-03
149,56,Côte d’Ivoire,2021-06-06
150,44,Kenya,2021-06-05
151,26,Sénégal,2022-02-21
152,32,Nigeria,2022-07-24
153,32,Côte d’Ivoire,2024-08-15
154,43,Côte d’Ivoire,2021-05-02
155,59,Maroc,2025-01-24
156,30,Maroc,2022-04-25
157,68,Nigeria,2025-12-11
158,49,Côte d’Ivoire,2025-06-26
159,56,Nigeria,2024-10-14
160,66,Maroc,2021-11-16
161,69,Maroc,2025-11-30
162,49,Côte d’Ivoire,2025-12-09
163,21,Kenya,2024-04-16
164,47,Sénégal,2023-05-30
165,54,Maroc,2020-02-08
166,40,Maroc,2022-02-18
167,56,Kenya,2023-06-10
168,62,Kenya,2025-04-11
169,32,Nigeria,2020-10-28
170,60,Nigeria,2021-10-08
171,46,Sénégal,2021-10-24
172,53,Sénégal,2024-10-25
173,30,Côte d’Ivoire,2020-09-12
174,49,Nigeria,2021-08-20
175,24,Maroc,2021-10-23
176,68,Nigeria,2020-08-22
177,39,Maroc,2023-09-30
178,45,Kenya,2022-02-08
179,19,Nigeria,2020-07-31
180,59,Kenya,2021-04-07
181,62,Sénégal,2020-10-09
182,23,Sénégal,2024-01-26
183,45,Côte d’Ivoire,2023-12-01
184,45,Nigeria,2020-03-28
185,61,Kenya,2022-12-03
186,61,Maroc,2021-04-05
187,37,Sénégal,2024-09-20
188,47,Sénégal,2023-10-08
189,28,Maroc,2021-05-29
190,45,Kenya,2021-12-03
191,42,Kenya,2024-07-11
192,56,Nigeria,2025-08-28
193,50,Nigeria,2020-01-23
194,18,Côte d’Ivoire,2022-11-19
195,44,Sénégal,2025-01-04
196,69,Nigeria,2025-11-25
197,30,Kenya,2023-07-28
198,58,Maroc,2023-02-08
199,20,Kenya,2025-12-23
200,56,Sénégal,2020-12-27
201,23,Kenya,2025-12-16
202,25,Côte d’Ivoire,2025-03-14
203,44,Sénégal,2023-07-08
204,26,Maroc,2021-05-29
205,54,Côte d’Ivoire,2021-03-24
206,50,Sénégal,2025-04-07
207,68,Maroc,2024-02-15
208,59,Côte d’Ivoire,2023-06-01
209,61,Côte d’Ivoire,2025-01-29
210,41,Sénégal,2022-05-23
211,32,Nigeria,2023-11-29
212,49,Côte d’Ivoire,2024-10-20
213,49,Côte d’Ivoire,2022-07-11
214,41,Maroc,2025-11-29
215,58,Kenya,2022-11-02
216,69,Sénégal,2023-11-17
217,66,Sénégal,2020-11-09
218,66,Nigeria,2025-06-20
219,69,Nigeria,2022-11-03
220,29,Sénégal,2024-07-14
221,56,Nigeria,2024-11-13
222,19,Maroc,2022-10-11
223,20,Sénégal,2022-12-29
224,66,Nigeria,2023-01-29
225,54,Sénégal,2021-11-28
226,66,Kenya,2025-12-19
227,34,Côte d’Ivoire,2023-11-05
228,66,Sénégal,2023-03-01
229,19,Côte d’Ivoire,2022-11-09
230,19,Nigeria,2025-04-13
231,45,Côte d’Ivoire,2022-10-10
232,40,Sénégal,2020-08-14
233,54,Kenya,2025-01-02
234,49,Nigeria,2024-02-01
235,50,Sénégal,2022-04-01
236,18,Nigeria,2025-07-16
237,36,Maroc,2022-05-20
238,19,Côte d’Ivoire,2025-09-16
239,61,Maroc,2024-11-30
240,43,Sénégal,2020-07-06
241,49,Kenya,2022-12-16
242,23,Nigeria,2022-07-29
243,49,Côte d’Ivoire,2021-06-09
244,21,Nigeria,2020-12-01
245,28,Sénégal,2022-12-14
246,34,Nigeria,2020-06-10
247,55,Côte d’Ivoire,2021-08-16
248,41,Sénégal,2025-04-22
249,22,Nigeria,2020-02-29
250,69,Kenya,2025-03-16
251,51,Sénégal,2021-02-09
252,23,Sénégal,2021-10-25
253,39,Kenya,2023-02-06
254,28,Maroc,2023-01-04
255,65,Côte d’Ivoire,2021-06-25
256,33,Maroc,2023-08-30
257,50,Nigeria,2022-09-24
258,26,Kenya,2023-02-14
259,23,Maroc,2022-05-17
260,33,Sénégal,2025-08-28
261,46,Nigeria,2021-03-07
262,20,Nigeria,2022-01-09
263,37,Maroc,2023-10-05
264,53,Maroc,2020-07-01
265,36,Kenya,2025-11-30
266,43,Côte d’Ivoire,2023-04-21
267,20,Maroc,2023-03-15
268,36,Maroc,2022-04-10
269,37,Sénégal,2024-07-09
270,49,Nigeria,2023-02-10
271,24,Côte d’Ivoire,2021-04-20
272,69,Sénégal,2023-08-19
273,58,Kenya,2022-08-28
274,50,Kenya,2022-10-16
275,57,Maroc,2023-02-15
276,56,Maroc,2025-01-10
277,35,Kenya,2020-06-09
278,57,Maroc,2020-07-16
279,18,Côte d’Ivoire,2023-07-07
280,28,Maroc,2021-10-21
281,45,Nigeria,2024-11-10
282,42,Maroc,2022-12-06
283,67,Sénégal,2025-07-03
284,40,Côte d’Ivoire,2021-02-02
285,48,Sénégal,2024-09-29
286,47,Sénégal,2024-05-01
287,59,Nigeria,2025-10-26
288,52,Côte d’Ivoire,2025-12-11
289,24,Côte d’Ivoire,2020-03-15
290,33,Côte d’Ivoire,2025-12-24
291,43,Côte d’Ivoire,2021-08-24
292,65,Côte d’Ivoire,2022-04-16
293,69,Nigeria,2024-03-08
294,66,Maroc,2021-05-14
295,19,Sénégal,2024-05-15
296,18,Côte d’Ivoire,2020-05-17
297,65,Maroc,2025-09-28
298,29,Maroc,2024-11-29
299,22,Sénégal,2022-08-30
300,54,Nigeria,2024-06-30
301,49,Kenya,2025-02-28
302,26,Kenya,2025-07-21
303,58,Maroc,2025-03-15
304,52,Sénégal,2023-12-20
305,36,Kenya,2021-06-30
306,65,Maroc,2022-07-10
307,33,Nigeria,2021-08-03
308,20,Kenya,2023-10-04
309,37,Maroc,2025-05-10
310,41,Maroc,2025-06-26
311,50,Côte d’Ivoire,2025-09-27
312,41,Nigeria,2021-12-04
313,69,Côte d’Ivoire,2024-06-13
314,28,Sénégal,2021-09-29
315,66,Côte d’Ivoire,2022-10-06
316,25,Côte d’Ivoire,2021-10-02
317,53,Kenya,2025-02-04
318,55,Maroc,2023-04-20
319,57,Nigeria,2021-11-16
320,37,Côte d’Ivoire,2025-01-25
321,52,Nigeria,2020-07-06
322,65,Côte d’Ivoire,2024-06-07
323,42,Sénégal,2024-08-14
324,52,Côte d’Ivoire,2022-09-11
325,42,Kenya,2021-07-01
326,46,Maroc,2023-12-02
327,35,Sénégal,2022-05-25
328,63,Côte d’Ivoire,2021-09-09
329,35,Nigeria,2023-09-27
330,19,Sénégal,2023-05-28
331,52,Sénégal,2022-06-21
332,33,Côte d’Ivoire,2020-06-11
333,58,Sénégal,2025-05-28
334,53,Nigeria,2020-09-26
335,50,Sénégal,2021-09-23
336,21,Nigeria,2022-06-24
337,50,Côte d’Ivoire,2025-07-07
338,31,Maroc,2024-06-29
339,38,Sénégal,2020-07-23
340,65,Maroc,2021-08-04
341,37,Nigeria,2024-04-28
342,25,Sénégal,2022-04-20
343,24,Kenya,2025-01-10
344,20,Maroc,2023-06-05
345,34,Sénégal,2024-09-15
346,50,Maroc,2024-06-30
347,65,Sénégal,2022-05-24
348,29,Côte d’Ivoire,2024-01-04
349,68,Maroc,2021-11-20
350,39,Kenya,2025-07-03
351,39,Kenya,2023-11-23
352,63,Nigeria,2025-06-24
353,47,Sénégal,2021-11-02
354,55,Maroc,2023-03-17
355,55,Nigeria,2024-02-04
356,62,Maroc,2022-08-01
357,68,Sénégal,2023-12-20
358,25,Kenya,2022-06-14
359,44,Côte d’Ivoire,2025-12-29
360,44,Kenya,2023-08-29
361,51,Nigeria,2020-06-13
362,38,Côte d’Ivoire,2025-08-30
363,47,Nigeria,2023-01-10
364,50,Sénégal,2024-10-19
365,45,Côte d’Ivoire,2025-04-22
366,64,Nigeria,2021-01-05
367,50,Sénégal,2025-02-23
368,22,Kenya,2022-05-02
369,65,Sénégal,2021-01-18
370,36,Maroc,2025-04-15
371,21,Sénégal,2021-02-28
372,52,Sénégal,2021-09-20
373,66,Maroc,2022-06-13
374,34,Nigeria,2021-08-20
375,61,Nigeria,2021-08-15
376,45,Sénégal,2024-08-14
377,47,Maroc,2021-07-26
378,46,Maroc,2025-09-06
379,63,Kenya,2025-09-21
380,23,Nigeria,2024-08-31
381,52,Côte d’Ivoire,2020-06-25
382,58,Nigeria,2021-06-12
383,54,Nigeria,2024-06-21
384,41,Kenya,2022-08-23
385,46,Côte d’Ivoire,2024-02-26
386,66,Kenya,2020-07-16
387,63,Côte d’Ivoire,2022-05-02
388,48,Sénégal,2024-03-17
389,52,Côte d’Ivoire,2025-08-31
390,50,Kenya,2022-12-16
391,69,Nigeria,2020-04-07
392,38,Côte d’Ivoire,2025-03-18
393,49,Côte d’Ivoire,2021-03-10
394,40,Maroc,2021-09-28
395,50,Nigeria,2021-08-10
396,20,Sénégal,2020-12-09
397,35,Kenya,2023-08-10
398,42,Sénégal,2025-06-02
399,59,Nigeria,2021-07-24
400,48,Côte d’Ivoire,2021-09-02
401,20,Côte d’Ivoire,2024-09-23
402,57,Nigeria,2025-01-28
403,63,Côte d’Ivoire,2022-08-17
404,41,Côte d’Ivoire,2025-09-10
405,67,Côte d’Ivoire,2021-06-15
406,49,Kenya,2023-03-23
407,64,Kenya,2022-12-27
408,39,Maroc,2025-03-16
409,40,Sénégal,2022-06-02
410,19,Nigeria,2024-08-05
411,44,Nigeria,2025-10-27
412,59,Nigeria,2024-10-15
413,19,Maroc,2022-02-20
414,43,Kenya,2025-10-06
415,34,Maroc,2022-05-30
416,57,Nigeria,2021-03-22
417,50,Sénégal,2025-10-14
418,26,Côte d’Ivoire,2024-11-18
419,60,Kenya,2023-07-01
420,65,Kenya,2025-06-14
421,56,Maroc,2022-12-03
422,46,Kenya,2024-04-26
423,59,Nigeria,2022-10-08
424,43,Nigeria,2022-02-12
425,52,Maroc,2024-12-19
426,67,Nigeria,2023-04-16
427,42,Sénégal,2023-12-21
428,41,Maroc,2020-11-02
429,30,Sénégal,2022-02-17
430,24,Côte d’Ivoire,2020-01-08
431,53,Sénégal,2021-04-20
432,62,Côte d’Ivoire,2023-08-13
433,37,Côte d’Ivoire,2021-04-29
434,18,Sénégal,2022-06-23
435,25,Maroc,2021-07-12
436,63,Nigeria,2025-05-21
437,33,Nigeria,2023-02-01
438,31,Côte d’Ivoire,2023-05-18
439,29,Côte d’Ivoire,2021-04-12
440,68,Maroc,2022-04-27
441,40,Kenya,2020-09-15
442,32,Sénégal,2020-10-09
443,45,Côte d’Ivoire,2024-07-07
444,51,Nigeria,2025-03-13
445,19,Maroc,2020-02-09
446,49,Sénégal,2022-10-11
447,40,Maroc,2021-09-04
448,39,Sénégal,2025-03-30
449,68,Sénégal,2021-11-18
450,42,Côte d’Ivoire,2021-09-04
451,39,Maroc,2024-11-16
452,39,Maroc,2024-12-15
453,66,Nigeria,2024-03-27
454,69,Nigeria,2025-04-14
455,59,Côte d’Ivoire,2023-02-26
456,23,Côte d’Ivoire,2021-07-28
457,32,Kenya,2025-03-25
458,60,Nigeria,2022-10-09
459,54,Sénégal,2021-10-31
460,50,Maroc,2020-09-25
461,25,Côte d’Ivoire,2023-07-07
462,61,Maroc,2022-07-12
463,61,Maroc,2023-01-30
464,22,Kenya,2024-03-09
465,56,Nigeria,2024-10-24
466,21,Côte d’Ivoire,2024-05-13
467,23,Maroc,2020-09-03
468,62,Côte d’Ivoire,2024-04-09
469,49,Sénégal,2025-12-18
470,69,Kenya,2025-04-23
471,47,Sénégal,2022-07-18
472,64,Côte d’Ivoire,2020-08-14
473,52,Côte d’Ivoire,2020-09-21
474,57,Nigeria,2023-10-27
475,69,Maroc,2023-12-28
476,33,Maroc,2021-10-07
477,30,Sénégal,2023-11-19
478,67,Kenya,2024-01-13
479,59,Maroc,2023-10-19
480,47,Nigeria,2025-03-14
481,36,Sénégal,2023-06-03
482,34,Sénégal,2022-09-08
483,36,Nigeria,2023-02-28
484,45,Kenya,2021-08-10
485,43,Nigeria,2021-04-20
486,54,Kenya,2024-12-26
487,43,Nigeria,2022-09-12
488,40,Nigeria,2023-05-26
489,26,Côte d’Ivoire,2020-07-08
490,29,Sénégal,2023-12-11
491,18,Nigeria,2022-09-07
492,18,Nigeria,2024-08-25
493,64,Maroc,2024-09-11
494,51,Sénégal,2020-02-10
495,49,Maroc,2022-07-31
496,65,Sénégal,2020-12-03
497,42,Maroc,2023-08-30
498,57,Nigeria,2023-01-03
499,62,Nigeria,2022-06-14
500,18,Côte d’Ivoire,2024-08-01
501,33,Maroc,2022-07-19
502,56,Kenya,2020-10-15
503,22,Côte d’Ivoire,2021-12-24
504,39,Maroc,2025-05-07
505,46,Maroc,2022-12-25
506,20,Côte d’Ivoire,2021-04-27
507,29,Nigeria,2022-07-24
508,43,Maroc,2020-06-04
509,33,Nigeria,2022-12-06
510,68,Côte d’Ivoire,2025-05-12
511,54,Nigeria,2024-08-10
512,39,Sénégal,2020-05-03
513,46,Kenya,2025-08-10
514,31,Maroc,2022-08-25
515,45,Kenya,2022-05-04
516,22,Nigeria,2021-10-01
517,64,Maroc,2024-05-21
518,66,Nigeria,2021-03-17
519,47,Sénégal,2025-04-28
520,63,Côte d’Ivoire,2025-01-12
521,69,Maroc,2025-01-03
522,22,Sénégal,2025-12-30
523,29,Sénégal,2021-06-16
524,33,Maroc,2023-08-29
525,43,Nigeria,2022-08-06
526,43,Sénégal,2025-07-12
527,65,Kenya,2021-04-04
528,38,Sénégal,2021-07-04
529,56,Nigeria,2021-01-27
530,53,Nigeria,2024-11-22
531,50,Kenya,2022-04-24
532,47,Sénégal,2023-02-12
533,54,Nigeria,2021-10-07
534,40,Maroc,2024-01-06
535,27,Côte d’Ivoire,2023-10-09
536,22,Côte d’Ivoire,2020-05-21
537,53,Côte d’Ivoire,2021-05-15
538,51,Sénégal,2022-04-19
539,69,Kenya,2024-08-09
540,48,Nigeria,2024-04-14
541,27,Maroc,2025-08-08
542,36,Maroc,2024-03-10
543,49,Sénégal,2021-08-18
544,18,Côte d’Ivoire,2025-03-19
545,22,Sénégal,2020-10-07
546,62,Kenya,2021-02-27
547,21,Kenya,2020-09-26
548,33,Nigeria,2020-06-02
549,41,Nigeria,2024-10-16
550,33,Kenya,2021-10-23
551,19,Kenya,2025-05-21
552,66,Kenya,2020-03-23
553,45,Sénégal,2023-12-20
554,49,Kenya,2023-07-22
555,44,Maroc,2022-09-06
556,37,Côte d’Ivoire,2024-07-17
557,41,Kenya,2023-10-30
558,29,Côte d’Ivoire,2021-09-24
559,67,Sénégal,2024-03-11
560,52,Côte d’Ivoire,2022-02-25
561,50,Sénégal,2021-02-01
562,50,Maroc,2023-02-17
563,68,Sénégal,2022-07-22
564,60,Sénégal,2023-12-31
565,54,Nigeria,2025-01-26
566,29,Kenya,2020-10-12
567,20,Kenya,2020-09-21
568,18,Maroc,2025-11-06
569,50,Maroc,2024-08-04
570,57,Kenya,2023-05-11
571,27,Nigeria,2022-03-31
572,60,Kenya,2024-10-28
573,61,Nigeria,2020-02-10
574,46,Maroc,2024-09-27
575,30,Côte d’Ivoire,2020-03-08
576,29,Maroc,2022-09-14
577,48,Maroc,2024-12-04
578,63,Sénégal,2024-06-09
579,19,Sénégal,2024-07-13
580,68,Sénégal,2023-07-02
581,67,Sénégal,2021-11-25
582,52,Nigeria,2022-12-21
583,40,Kenya,2024-08-20
584,34,Côte d’Ivoire,2022-11-24
585,43,Maroc,2022-02-17
586,25,Nigeria,2021-05-08
587,46,Côte d’Ivoire,2024-05-04
588,43,Nigeria,2024-02-01
589,27,Nigeria,2024-11-25
590,43,Maroc,2021-10-22
591,51,Kenya,2023-09-10
592,68,Sénégal,2023-08-20
593,58,Kenya,2023-07-23
594,24,Maroc,2025-06-09
595,21,Maroc,2025-08-06
596,67,Maroc,2025-04-12
597,62,Côte d’Ivoire,2023-09-09
598,28,Kenya,2022-11-24
599,46,Kenya,2022-09-03
600,53,Nigeria,2021-04-26
601,42,Nigeria,2021-12-28
602,38,Nigeria,2022-10-28
603,53,Maroc,2020-12-08
604,27,Kenya,2023-12-18
605,54,Maroc,2021-06-10
606,26,Côte d’Ivoire,2025-03-11
607,41,Nigeria,2021-10-20
608,52,Maroc,2025-09-04
609,66,Maroc,2022-03-30
610,52,Côte d’Ivoire,2021-02-09
611,65,Sénégal,2024-04-22
612,53,Kenya,2024-12-16
613,35,Sénégal,2021-05-19
614,66,Nigeria,2020-06-27
615,56,Maroc,2020-05-11
616,49,Côte d’Ivoire,2025-01-20
617,41,Côte d’Ivoire,2024-01-18
618,40,Kenya,2022-02-10
619,49,Sénégal,2023-11-30
620,54,Kenya,2025-10-24
621,29,Maroc,2021-08-01
622,66,Kenya,2024-02-24
623,30,Côte d’Ivoire,2020-07-12
624,40,Côte d’Ivoire,2025-06-30
625,42,Nigeria,2023-03-31
626,52,Nigeria,2023-10-16
627,58,Maroc,2024-11-27
628,47,Sénégal,2023-01-15
629,34,Kenya,2025-04-20
630,66,Maroc,2022-02-18
631,37,Nigeria,2020-09-18
632,65,Kenya,2021-12-30
633,42,Nigeria,2020-10-09
634,39,Kenya,2024-01-30
635,30,Sénégal,2020-12-27
636,36,Maroc,2021-03-16
637,66,Kenya,2025-11-10
638,53,Côte d’Ivoire,2024-07-02
639,29,Côte d’Ivoire,2022-05-16
640,58,Kenya,2023-12-18
641,36,Kenya,2020-05-21
642,29,Kenya,2023-08-07
643,26,Côte d’Ivoire,2023-12-26
644,24,Côte d’Ivoire,2025-02-18
645,45,Kenya,2025-01-21
646,31,Nigeria,2024-09-08
647,48,Nigeria,2021-12-01
648,69,Sénégal,2022-09-24
649,36,Maroc,2025-09-27
650,64,Nigeria,2023-08-18
651,33,Côte d’Ivoire,2022-05-30
652,22,Nigeria,2023-04-28
653,52,Sénégal,2023-03-05
654,29,Sénégal,2021-07-08
655,42,Maroc,2021-02-07
656,69,Nigeria,2022-06-10
657,38,Côte d’Ivoire,2021-08-24
658,53,Côte d’Ivoire,2025-01-04
659,40,Kenya,2020-12-06
660,33,Côte d’Ivoire,2025-05-22
661,56,Maroc,2021-12-04
662,62,Maroc,2020-11-13
663,59,Côte d’Ivoire,2023-10-18
664,56,Côte d’Ivoire,2024-12-05
665,31,Kenya,2023-09-29
666,48,Côte d’Ivoire,2024-04-21
667,22,Kenya,2022-03-27
668,52,Kenya,2021-07-06
669,40,Côte d’Ivoire,2022-05-05
670,46,Sénégal,2024-12-17
671,60,Sénégal,2020-07-01
672,28,Kenya,2024-04-23
673,35,Côte d’Ivoire,2021-01-31
674,64,Sénégal,2024-09-23
675,29,Côte d’Ivoire,2024-02-26
676,26,Côte d’Ivoire,2022-06-25
677,27,Côte d’Ivoire,2023-09-18
678,61,Nigeria,2025-12-14
679,34,Côte d’Ivoire,2020-01-01
680,55,Nigeria,2020-01-19
681,24,Kenya,2021-08-06
682,63,Sénégal,2021-03-31
683,30,Sénégal,2025-07-29
684,57,Sénégal,2023-02-06
685,59,Sénégal,2025-05-06
686,26,Sénégal,2025-11-20
687,67,Sénégal,2022-09-14
688,44,Sénégal,2021-06-03
689,19,Kenya,2022-05-08
690,22,Côte d’Ivoire,2020-06-22
691,46,Maroc,2023-09-28
692,54,Nigeria,2021-12-27
693,55,Maroc,2024-09-06
694,36,Maroc,2025-02-18
695,25,Côte d’Ivoire,2024-08-08
696,65,Côte d’Ivoire,2023-09-09
697,62,Côte d’Ivoire,2022-09-16
698,18,Sénégal,2021-02-23
699,39,Kenya,2021-08-16
700,69,Sénégal,2024-11-09
701,34,Kenya,2022-07-24
702,24,Kenya,2023-01-12
703,42,Maroc,2023-02-10
704,62,Maroc,2020-11-27
705,21,Kenya,2025-09-19
706,53,Kenya,2024-11-28
707,23,Sénégal,2022-08-16
708,48,Sénégal,2020-04-14
709,36,Maroc,2020-07-20
710,61,Côte d’Ivoire,2025-01-16
711,56,Kenya,2025-02-09
712,44,Sénégal,2025-06-19
713,27,Maroc,2023-07-13
714,43,Sénégal,2022-06-28
715,36,Kenya,2020-07-28
716,56,Kenya,2021-07-16
717,20,Nigeria,2024-04-12
718,62,Côte d’Ivoire,2022-02-09
719,30,Nigeria,2021-09-20
720,67,Maroc,2024-06-16
721,45,Sénégal,2024-08-28
722,37,Maroc,2021-01-21
723,45,Kenya,2025-04-19
724,25,Nigeria,2023-01-09
725,58,Nigeria,2020-09-24
726,56,Nigeria,2025-01-30
727,18,Maroc,2025-06-21
728,20,Kenya,2023-10-12
729,30,Sénégal,2023-05-21
730,45,Sénégal,2021-07-27
731,66,Maroc,2020-02-18
732,42,Nigeria,2023-02-24
733,50,Côte d’Ivoire,2020-08-10
734,55,Maroc,2023-12-02
735,23,Maroc,2024-03-08
736,61,Kenya,2024-12-24
737,62,Sénégal,2024-01-01
738,49,Maroc,2023-02-04
739,62,Maroc,2024-08-08
740,64,Nigeria,2021-01-09
741,38,Nigeria,2025-10-21
742,33,Côte d’Ivoire,2025-07-14
743,38,Kenya,2022-11-19
744,28,Côte d’Ivoire,2025-03-04
745,54,Nigeria,2024-12-28
746,53,Sénégal,2024-01-14
747,52,Nigeria,2023-03-25
748,36,Kenya,2022-11-30
749,37,Nigeria,2025-09-01
750,35,Kenya,2020-12-25
751,64,Kenya,2025-08-03
752,58,Kenya,2023-02-15
753,66,Kenya,2024-06-23
754,31,Kenya,2023-11-04
755,32,Sénégal,2025-04-27
756,48,Côte d’Ivoire,2021-11-09
757,18,Maroc,2020-01-07
758,20,Côte d’Ivoire,2024-05-10
759,33,Kenya,2022-04-12
760,40,Sénégal,2024-12-15
761,28,Nigeria,2022-07-02
762,29,Sénégal,2025-07-04
763,27,Kenya,2023-12-13
764,49,Sénégal,2023-12-21
765,33,Sénégal,2024-02-11
766,25,Kenya,2020-05-05
767,55,Sénégal,2022-03-27
768,29,Maroc,2025-01-03
769,41,Maroc,2021-07-29
770,45,Sénégal,2023-11-16
771,25,Nigeria,2022-07-18
772,45,Kenya,2024-01-03
773,53,Maroc,2022-04-12
774,43,Nigeria,2022-11-20
775,25,Sénégal,2024-07-06
776,67,Nigeria,2025-03-15
777,45,Côte d’Ivoire,2023-12-28
778,45,Maroc,2023-10-31
779,54,Sénégal,2021-03-18
780,58,Kenya,2025-10-23
781,53,Sénégal,2021-07-10
782,44,Kenya,2023-03-24
783,34,Sénégal,2025-07-30
784,26,Nigeria,2020-12-28
785,50,Nigeria,2023-06-11
786,37,Nigeria,2025-01-15
787,30,Côte d’Ivoire,2025-01-24
788,45,Kenya,2025-12-12
789,65,Nigeria,2022-06-29
790,46,Côte d’Ivoire,2020-09-01
791,30,Kenya,2021-06-25
792,63,Sénégal,2025-12-09
793,52,Côte d’Ivoire,2025-12-12
794,23,Maroc,2024-04-21
795,35,Côte d’Ivoire,2020-05-03
796,68,Côte d’Ivoire,2024-09-27
797,22,Kenya,2022-02-24
798,64,Sénégal,2025-08-05
799,42,Maroc,2022-03-07
800,19,Nigeria,2020-03-17
801,27,Nigeria,2020-02-28
802,47,Côte d’Ivoire,2024-03-03
803,67,Kenya,2025-04-20
804,62,Kenya,2025-11-26
805,22,Nigeria,2023-07-25
806,50,Maroc,2020-03-08
807,18,Sénégal,2025-04-16
808,35,Maroc,2020-12-30
809,49,Sénégal,2022-03-31
810,64,Nigeria,2023-11-03
811,66,Sénégal,2022-08-04
812,28,Kenya,2024-04-26
813,38,Côte d’Ivoire,2023-10-09
814,43,Côte d’Ivoire,2023-12-10
815,42,Nigeria,2022-01-31
816,39,Kenya,2020-12-06
817,44,Maroc,2021-01-17
818,66,Kenya,2022-09-30
819,30,Côte d’Ivoire,2024-04-05
820,50,Côte d’Ivoire,2020-10-26
821,51,Kenya,2020-05-18
822,58,Kenya,2020-12-24
823,52,Côte d’Ivoire,2022-04-15
824,18,Maroc,2024-03-02
825,38,Nigeria,2024-06-15
826,65,Nigeria,2025-06-05
827,23,Kenya,2023-07-27
828,45,Nigeria,2022-06-27
829,34,Côte d’Ivoire,2023-02-08
830,22,Côte d’Ivoire,2025-12-26
831,48,Kenya,2022-09-22
832,22,Kenya,2025-11-21
833,55,Kenya,2023-05-22
834,20,Maroc,2024-11-19
835,40,Nigeria,2020-06-13
836,54,Kenya,2022-09-25
837,54,Sénégal,2023-07-31
838,27,Sénégal,2021-10-18
839,27,Côte d’Ivoire,2025-03-24
840,36,Nigeria,2025-08-08
841,34,Kenya,2025-10-12
842,38,Sénégal,2023-02-14
843,31,Nigeria,2025-03-04
844,26,Côte d’Ivoire,2020-09-23
845,63,Maroc,2025-01-19
846,18,Nigeria,2024-09-04
847,68,Nigeria,2024-02-19
848,62,Maroc,2021-04-20
849,30,Nigeria,2022-09-03
850,21,Côte d’Ivoire,2023-04-22
851,18,Côte d’Ivoire,2022-11-09
852,66,Maroc,2025-05-14
853,57,Kenya,2021-07-11
854,49,Sénégal,2022-10-14
855,51,Kenya,2024-05-24
856,45,Nigeria,2022-06-01
857,48,Sénégal,2021-10-27
858,25,Maroc,2024-11-06
859,56,Maroc,2022-05-13
860,43,Sénégal,2021-08-04
861,51,Côte d’Ivoire,2021-11-25
862,20,Sénégal,2023-06-05
863,67,Nigeria,2024-05-29
864,29,Côte d’Ivoire,2023-05-24
865,18,Maroc,2021-02-02
866,61,Sénégal,2025-04-30
867,22,Kenya,2021-12-15
868,47,Kenya,2021-12-04
869,47,Nigeria,2024-09-10
870,34,Kenya,2025-05-26
871,65,Sénégal,2020-03-22
872,64,Sénégal,2021-08-26
873,40,Kenya,2025-05-24
874,32,Sénégal,2024-09-06
875,54,Nigeria,2025-08-08
876,38,Côte d’Ivoire,2022-06-21
877,31,Nigeria,2020-12-30
878,19,Nigeria,2020-06-11
879,28,Sénégal,2025-02-06
880,68,Côte d’Ivoire,2020-04-25
881,56,Sénégal,2022-05-30
882,55,Maroc,2022-04-19
883,51,Sénégal,2023-09-08
884,55,Sénégal,2022-11-02
885,67,Sénégal,2022-07-31
886,51,Côte d’Ivoire,2024-09-20
887,35,Sénégal,2023-02-11
888,47,Côte d’Ivoire,2020-01-22
889,32,Kenya,2024-10-15
890,44,Maroc,2021-11-13
891,68,Côte d’Ivoire,2025-01-07
892,51,Kenya,2020-05-05
893,69,Côte d’Ivoire,2020-10-03
894,55,Côte d’Ivoire,2025-06-22
895,50,Maroc,2023-05-12
896,41,Nigeria,2021-11-26
897,32,Nigeria,2023-08-02
898,47,Côte d’Ivoire,2020-02-26
899,59,Sénégal,2020-01-19
900,68,Kenya,2020-04-22
901,34,Sénégal,2021-06-25
902,22,Sénégal,2021-08-01
903,46,Côte d’Ivoire,2022-12-24
904,21,Côte d’Ivoire,2020-01-25
905,27,Côte d’Ivoire,2024-04-21
906,34,Côte d’Ivoire,2025-08-10
907,27,Nigeria,2024-04-21
908,34,Côte d’Ivoire,2020-05-20
909,37,Nigeria,2024-11-02
910,41,Nigeria,2021-10-09
911,22,Côte d’Ivoire,2020-07-19
912,51,Maroc,2020-09-13
913,23,Kenya,2021-06-30
914,19,Sénégal,2022-03-12
915,30,Nigeria,2022-07-30
916,60,Kenya,2021-02-17
917,60,Maroc,2025-07-07
918,65,Sénégal,2023-10-13
919,28,Sénégal,2023-01-03
920,68,Nigeria,2022-06-28
921,64,Côte d’Ivoire,2020-07-06
922,40,Maroc,2025-07-08
923,33,Nigeria,2023-08-06
924,48,Maroc,2025-09-23
925,28,Côte d’Ivoire,2025-10-31
926,33,Côte d’Ivoire,2023-02-20
927,25,Nigeria,2020-12-23
928,21,Côte d’Ivoire,2024-03-31
929,57,Kenya,2022-12-25
930,21,Sénégal,2024-08-07
931,42,Nigeria,2020-06-10
932,20,Maroc,2021-03-25
933,49,Kenya,2024-02-06
934,20,Nigeria,2022-11-02
935,44,Côte d’Ivoire,2025-11-28
936,46,Côte d’Ivoire,2025-05-04
937,49,Côte d’Ivoire,2023-08-06
938,67,Côte d’Ivoire,2023-05-23
939,68,Maroc,2022-08-31
940,36,Kenya,2021-09-23
941,38,Sénégal,2024-05-09
942,22,Maroc,2022-11-16
943,35,Maroc,2024-05-07
944,45,Sénégal,2024-08-20
945,59,Sénégal,2021-03-12
946,39,Côte d’Ivoire,2024-04-05
947,38,Maroc,2022-12-12
948,23,Nigeria,2023-07-28
949,18,Sénégal,2025-09-09
950,22,Sénégal,2020-07-01
951,58,Kenya,2024-01-09
952,29,Nigeria,2024-01-19
953,43,Nigeria,2024-05-08
954,63,Sénégal,2024-05-06
955,51,Côte d’Ivoire,2021-10-21
956,66,Kenya,2020-06-08
957,31,Nigeria,2022-10-08
958,43,Sénégal,2020-02-22
959,62,Nigeria,2022-11-11
960,44,Kenya,2022-11-19
961,26,Kenya,2023-05-13
962,43,Maroc,2024-02-03
963,64,Sénégal,2024-01-29
964,39,Kenya,2022-11-01
965,64,Maroc,2025-05-04
966,47,Maroc,2022-04-29
967,60,Nigeria,2020-12-19
968,65,Nigeria,2023-01-03
969,34,Maroc,2024-10-05
970,43,Nigeria,2024-01-04
971,53,Kenya,2022-09-17
972,18,Côte d’Ivoire,2023-06-18
973,25,Kenya,2025-02-27
974,66,Maroc,2024-12-14
975,52,Maroc,2023-01-16
976,69,Kenya,2022-03-28
977,32,Nigeria,2024-12-04
978,64,Nigeria,2025-05-14
979,39,Maroc,2022-06-07
980,31,Sénégal,2025-01-29
981,43,Nigeria,2023-03-26
982,45,Kenya,2021-10-29
983,40,Nigeria,2021-09-24
984,31,Kenya,2024-06-30
985,41,Maroc,2020-05-16
986,19,Nigeria,2025-04-30
987,62,Kenya,2024-08-24
988,43,Maroc,2021-03-03
989,31,Sénégal,2024-01-15
990,68,Kenya,2022-03-29
991,24,Sénégal,2025-12-28
992,20,Sénégal,2023-01-11
993,64,Côte d’Ivoire,2020-07-16
994,40,Nigeria,2025-06-18
995,63,Kenya,2021-04-15
996,60,Sénégal,2025-05-02
997,64,Côte d’Ivoire,2022-07-17
998,62,Maroc,2025-07-03
999,35,Kenya,2022-06-24
1000,55,Sénégal,2020-01-23
1001,52,Nigeria,2020-08-22
1002,68,Côte d’Ivoire,2023-01-29
1003,32,Sénégal,2022-07-17
1004,42,Nigeria,2021-06-06
1005,54,Sénégal,2024-12-13
1006,45,Kenya,2021-03-06
1007,27,Kenya,2022-03-03
1008,56,Kenya,2024-06-17
1009,34,Côte d’Ivoire,2024-10-02
1010,56,Kenya,2021-06-16
1011,39,Nigeria,2024-10-12
1012,43,Sénégal,2024-08-02
1013,61,Maroc,2023-08-09
1014,42,Nigeria,2022-07-01
1015,34,Nigeria,2023-01-29
1016,30,Kenya,2024-03-05
1017,37,Côte d’Ivoire,2023-08-20
1018,42,Sénégal,2022-10-20
1019,21,Côte d’Ivoire,2024-04-25
1020,27,Sénégal,2023-10-10
1021,20,Sénégal,2024-02-28
1022,58,Côte d’Ivoire,2024-08-08
1023,62,Nigeria,2025-06-20
1024,35,Sénégal,2020-08-14
1025,64,Côte d’Ivoire,2023-06-13
1026,53,Sénégal,2022-05-22
1027,64,Maroc,2022-06-10
1028,39,Nigeria,2024-01-18
1029,51,Kenya,2022-11-02
1030,64,Sénégal,2021-01-31
1031,25,Maroc,2023-01-28
1032,57,Kenya,2025-09-09
1033,66,Kenya,2021-10-10
1034,61,Sénégal,2020-11-24
1035,36,Côte d’Ivoire,2024-01-22
1036,59,Sénégal,2022-08-09
1037,58,Maroc,2025-06-28
1038,54,Kenya,2025-07-09
1039,23,Sénégal,2025-02-21
1040,69,Côte d’Ivoire,2023-04-11
1041,43,Sénégal,2024-11-07
1042,51,Nigeria,2020-06-10
1043,62,Côte d’Ivoire,2024-10-17
1044,23,Maroc,2022-02-14
1045,54,Kenya,2025-01-01
1046,50,Sénégal,2022-11-17
1047,39,Côte d’Ivoire,2022-07-28
1048,38,Nigeria,2021-06-23
1049,23,Côte d’Ivoire,2022-04-01
1050,23,Nigeria,2024-01-01
1051,65,Maroc,2022-12-24
1052,21,Kenya,2020-12-21
1053,47,Maroc,2020-08-22
1054,28,Sénégal,2024-03-28
1055,47,Côte d’Ivoire,2025-09-27
1056,48,Nigeria,2020-04-27
1057,41,Nigeria,2025-10-02
1058,26,Côte d’Ivoire,2024-07-31
1059,20,Côte d’Ivoire,2022-12-03
1060,68,Sénégal,2025-10-01
1061,48,Maroc,2021-07-11
1062,57,Nigeria,2024-12-20
1063,54,Sénégal,2025-06-28
1064,53,Maroc,2021-02-01
1065,41,Sénégal,2021-11-05
1066,48,Nigeria,2021-01-21
1067,23,Côte d’Ivoire,2025-11-28
1068,19,Côte d’Ivoire,2025-08-26
1069,37,Maroc,2022-06-02
1070,45,Kenya,2021-06-24
1071,28,Maroc,2020-06-19
1072,21,Kenya,2022-01-09
1073,32,Sénégal,2023-11-02
1074,23,Sénégal,2020-04-28
1075,66,Nigeria,2025-11-21
1076,47,Kenya,2025-06-18
1077,55,Nigeria,2024-09-01
1078,68,Côte d’Ivoire,2024-09-18
1079,19,Kenya,2024-08-24
1080,32,Maroc,2023-12-15
1081,28,Côte d’Ivoire,2024-10-25
1082,25,Côte d’Ivoire,2024-03-04
1083,43,Maroc,2021-10-26
1084,68,Côte d’Ivoire,2020-02-02
1085,62,Kenya,2025-10-03
1086,61,Nigeria,2025-08-21
1087,22,Côte d’Ivoire,2024-03-31
1088,23,Kenya,2021-12-20
1089,43,Sénégal,2021-04-28
1090,21,Kenya,2022-08-30
1091,36,Nigeria,2020-11-02
1092,37,Kenya,2021-04-01
1093,50,Maroc,2020-11-26
1094,37,Nigeria,2020-08-12
1095,66,Sénégal,2024-01-19
1096,29,Maroc,2022-12-18
1097,64,Kenya,2021-10-05
1098,18,Nigeria,2021-09-07
1099,43,Sénégal,2020-07-13
1100,31,Maroc,2021-05-03
1101,55,Sénégal,2023-06-03
1102,54,Kenya,2023-01-07
1103,28,Sénégal,2023-02-21
1104,53,Côte d’Ivoire,2023-05-26
1105,30,Maroc,2021-05-30
1106,60,Sénégal,2024-06-13
1107,20,Kenya,2023-02-01
1108,50,Kenya,2021-01-27
1109,23,Sénégal,2021-09-22
1110,67,Kenya,2025-01-21
1111,27,Nigeria,2022-09-06
1112,22,Nigeria,2021-03-09
1113,40,Nigeria,2020-10-04
1114,27,Côte d’Ivoire,2020-08-20
1115,61,Sénégal,2024-04-01
1116,19,Côte d’Ivoire,2024-05-13
1117,30,Kenya,2023-01-18
1118,57,Côte d’Ivoire,2020-01-26
1119,19,Kenya,2023-11-18
1120,37,Kenya,2021-04-05
1121,18,Maroc,2022-12-27
1122,54,Nigeria,2022-10-03
1123,26,Kenya,2025-06-17
1124,34,Maroc,2021-05-05
1125,26,Nigeria,2022-12-08
1126,28,Kenya,2020-08-03
1127,32,Kenya,2024-09-19
1128,41,Côte d’Ivoire,2024-05-11
1129,55,Côte d’Ivoire,2020-06-07
1130,52,Nigeria,2021-11-16
1131,47,Kenya,2024-11-11
1132,48,Sénégal,2025-08-14
1133,66,Côte d’Ivoire,2025-01-17
1134,22,Nigeria,2024-05-08
1135,61,Kenya,2024-08-23
1136,67,Kenya,2025-04-30
1137,31,Sénégal,2025-08-24
1138,28,Nigeria,2023-02-19
1139,26,Kenya,2024-04-30
1140,51,Côte d’Ivoire,2025-04-16
1141,29,Sénégal,2024-10-23
1142,52,Nigeria,2025-08-12
1143,52,Sénégal,2022-09-16
1144,18,Côte d’Ivoire,2024-03-21
1145,57,Nigeria,2023-01-21
1146,39,Sénégal,2021-05-07
1147,46,Maroc,2021-09-11
1148,25,Côte d’Ivoire,2025-09-28
1149,28,Côte d’Ivoire,2024-03-26
1150,58,Côte d’Ivoire,2022-05-12
1151,54,Maroc,2024-08-18
1152,31,Maroc,2024-05-24
1153,47,Kenya,2021-08-02
1154,52,Sénégal,2025-03-05
1155,38,Kenya,2023-06-29
1156,54,Sénégal,2025-01-29
1157,22,Maroc,2023-09-17
1158,36,Maroc,2023-03-08
1159,31,Kenya,2020-12-22
1160,43,Nigeria,2024-06-12
1161,21,Kenya,2025-06-29
1162,42,Sénégal,2022-05-19
1163,62,Kenya,2022-06-04
1164,59,Côte d’Ivoire,2025-06-24
1165,42,Sénégal,2023-11-14
1166,35,Sénégal,2023-07-07
1167,57,Nigeria,2021-09-11
1168,25,Maroc,2022-06-01
1169,56,Sénégal,2022-03-07
1170,57,Maroc,2025-12-12
1171,31,Kenya,2023-07-20
1172,49,Côte d’Ivoire,2021-09-10
1173,68,Nigeria,2025-01-08
1174,55,Maroc,2020-09-01
1175,50,Sénégal,2022-07-18
1176,40,Maroc,2023-06-24
1177,32,Sénégal,2021-06-03
1178,50,Maroc,2020-01-08
1179,42,Sénégal,2025-07-12
1180,34,Kenya,2021-05-09
1181,50,Sénégal,2024-06-17
1182,64,Sénégal,2022-11-28
1183,19,Côte d’Ivoire,2020-07-05
1184,31,Sénégal,2025-02-20
1185,57,Côte d’Ivoire,2025-11-10
1186,57,Nigeria,2020-03-26
1187,68,Côte d’Ivoire,2020-05-16
1188,56,Kenya,2025-10-22
1189,68,Côte d’Ivoire,2024-06-24
1190,23,Nigeria,2024-10-17
1191,23,Kenya,2024-11-22
1192,20,Maroc,2022-05-21
1193,24,Maroc,2022-08-01
1194,68,Côte d’Ivoire,2024-06-14
1195,25,Côte d’Ivoire,2020-12-14
1196,59,Nigeria,2024-08-03
1197,69,Nigeria,2023-04-11
1198,32,Sénégal,2020-01-10
1199,64,Nigeria,2024-01-01
1200,46,Sénégal,2021-10-28
