policy_id,client_id,product_type,start_date,end_date,agent_id
1,137,Santé,2020-02-25,2026-12-03,109
2,1199,Santé,2021-12-20,2021-01-31,168
3,958,Habitation,2025-09-10,2024-09-28,300
4,19,Vie,2021-07-27,2024-11-01,218
5,195,Auto,2021-10-28,2024-02-28,222
6,330,Auto,2020-10-10,2022-09-09,161
7,175,Vie,2024-10-10,2022-06-23,16
8,1002,Auto,2021-05-12,2023-05-21,278
9,449,Vie,2024-01-05,2021-04-11,57
10,946,Santé,2020-05-09,2024-11-13,62
11,141,Vie,2021-09-30,2023-07-30,242
12,758,Auto,2025-12-01,2021-12-07,90
13,930,Vie,2025-08-22,2023-11-10,72
14,93,Habitation,2022-09-12,2021-02-07,30
15,239,Santé,2022-09-19,2022-10-22,288
16,205,Santé,2025-10-22,2026-07-27,86
17,560,Vie,2020-04-10,2025-04-10,234
18,245,Auto,2021-03-02,2025-07-15,235
19,832,Habitation,2020-02-10,2023-11-16,265
20,925,Santé,2021-03-04,2022-03-30,287
21,295,Santé,2020-12-09,2025-09-01,269
22,640,Auto,2020-12-31,2024-09-08,186
23,856,Auto,2021-08-31,2023-03-30,131
24,17,Habitation,2021-12-28,2023-02-12,291
25,71,Vie,2022-04-04,2021-01-13,277
26,305,Auto,2023-10-07,2023-07-10,180
27,1031,Vie,2022-06-07,2023-04-05,290
28,817,Habitation,2025-08-05,2024-08-07,163
29,1127,Vie,2023-09-03,2026-07-11,271
30,821,Santé,2023-07-20,2024-05-13,96
31,193,Vie,2020-04-26,2022-11-28,262
32,529,Habitation,2023-01-22,2023-08-08,288
33,171,Habitation,2020-06-16,2024-12-09,83
34,251,Habitation,2024-10-04,2021-03-10,225
35,541,Vie,2023-09-26,2025-11-17,223
36,416,Santé,2021-11-25,2026-05-24,118
37,794,Auto,2022-07-13,2021-07-31,192
38,1168,Santé,2020-05-31,2022-05-23,79
39,25,Vie,2021-08-08,2026-08-26,78
40,668,Vie,2022-07-01,2025-03-02,147
41,1097,Auto,2024-04-26,2021-11-28,107
42,632,Vie,2021-05-10,2022-07-05,271
43,1117,Habitation,2025-11-18,2025-06-13,244
44,505,Habitation,2021-07-10,2023-07-31,73
45,336,Habitation,2023-01-10,2022-12-29,26
46,425,Habitation,2024-04-01,2023-05-30,210
47,499,Habitation,2025-10-21,2022-10-11,92
48,947,Vie,2020-06-05,2023-09-27,125
49,630,Auto,2022-01-04,2025-03-02,73
50,718,Auto,2025-12-19,2025-06-01,123
51,339,Habitation,2023-11-28,2023-10-07,184
52,659,Vie,2021-07-12,2025-03-31,187
53,962,Santé,2025-11-24,2023-03-15,198
54,429,Santé,2020-06-03,2021-08-02,78
55,899,Vie,2022-09-23,2021-06-18,186
56,139,Habitation,2021-06-14,2023-09-05,253
57,942,Auto,2025-05-25,2024-08-21,13
58,542,Vie,2021-12-29,2021-05-26,299
59,57,Santé,2023-03-23,2025-12-04,76
60,658,Santé,2020-06-02,2022-05-31,51
61,435,Santé,2020-04-01,2022-03-29,275
62,384,Habitation,2024-02-12,2021-03-01,149
63,560,Santé,2024-09-12,2022-06-12,219
64,194,Vie,2025-07-09,2023-10-21,122
65,534,Vie,2022-02-25,2025-04-14,211
66,518,Santé,2020-09-29,2024-01-08,280
67,716,Vie,2025-07-20,2022-03-09,26
68,751,Santé,2020-06-25,2024-03-22,173
69,185,Santé,2021-10-04,2022-02-05,156
70,292,Auto,2025-03-13,2026-10-06,238
71,732,Habitation,2021-07-20,2022-08-28,82
72,116,Habitation,2021-10-27,2025-12-16,273
73,825,Auto,2023-08-24,2025-01-03,68
74,1073,Auto,2024-12-03,2025-11-09,44
75,685,Habitation,2022-12-05,2025-04-03,61
76,82,Santé,2021-02-11,2024-01-02,123
77,834,Santé,2023-04-27,2023-07-18,196
78,333,Habitation,2025-01-27,2026-05-06,111
79,557,Santé,2023-02-26,2026-05-28,258
80,335,Auto,2023-02-15,2026-08-27,89
81,532,Santé,2020-05-23,2025-04-04,198
82,221,Santé,2021-05-01,2021-11-22,282
83,635,Vie,2022-05-09,2023-09-22,200
84,323,Vie,2025-04-19,2022-09-05,99
85,3,Vie,2020-05-27,2022-08-19,27
86,206,Santé,2023-09-21,2023-07-10,89
87,40,Habitation,2023-09-19,2023-04-22,146
88,59,Auto,2020-03-30,2024-05-10,182
89,951,Santé,2023-09-19,2021-12-10,257
90,574,Habitation,2020-07-17,2026-02-20,189
91,644,Santé,2021-06-21,2023-05-09,240
92,843,Auto,2020-10-27,2024-11-24,196
93,1146,Santé,2021-12-24,2022-03-21,297
94,619,Auto,2024-05-17,2025-11-24,165
95,96,Santé,2023-12-30,2021-08-10,271
96,898,Auto,2020-03-08,2022-08-15,8
97,1086,Santé,2024-03-17,2023-10-28,38
98,561,Auto,2021-02-01,2024-07-19,114
99,905,Vie,2021-09-11,2023-10-15,56
100,348,Santé,2024-05-03,2026-08-26,138
101,671,Santé,2023-03-09,2024-12-18,102
102,1148,Habitation,2021-12-30,2026-08-08,177
103,317,Habitation,2021-07-09,2022-06-08,169
104,719,Auto,2025-05-06,2026-08-31,286
105,1072,Santé,2024-10-17,2025-12-14,261
106,1160,Auto,2022-09-22,2024-08-04,223
107,250,Vie,2025-05-13,2024-07-30,199
108,314,Habitation,2024-05-20,2023-12-26,211
109,807,Auto,2024-01-20,2025-07-31,287
110,485,Auto,2025-11-04,2022-03-13,180
111,44,Habitation,2023-01-07,2023-04-09,250
112,571,Santé,2023-11-04,2021-09-16,231
113,583,Auto,2025-12-17,2026-06-27,23
114,1116,Habitation,2023-07-23,2026-06-13,48
115,895,Santé,2024-09-18,2021-04-13,109
116,220,Vie,2022-06-17,2023-09-20,296
117,925,Habitation,2023-04-21,2023-02-08,6
118,401,Auto,2024-03-15,2024-01-30,38
119,727,Vie,2020-03-18,2024-05-06,169
120,991,Santé,2024-03-12,2021-08-25,283
121,899,Santé,2020-08-25,2024-02-19,203
122,858,Habitation,2023-03-03,2023-02-06,273
123,804,Habitation,2025-06-19,2023-09-18,244
124,490,Habitation,2023-04-30,2025-10-26,47
125,938,Santé,2020-10-04,2022-05-11,249
126,844,Vie,2021-06-07,2023-11-14,79
127,267,Santé,2020-06-28,2025-09-23,110
128,54,Auto,2020-05-02,2026-09-04,13
129,528,Santé,2023-06-23,2021-12-04,90
130,616,Auto,2024-10-23,2026-04-22,280
131,1083,Vie,2022-12-30,2025-12-23,221
132,1064,Habitation,2021-04-24,2021-05-17,73
133,955,Habitation,2024-12-02,2021-11-16,234
134,386,Santé,2025-11-01,2026-02-07,260
135,734,Habitation,2022-03-26,2023-07-05,113
136,716,Vie,2021-03-18,2024-04-20,46
137,650,Habitation,2020-05-22,2026-03-13,274
138,300,Santé,2020-07-10,2026-11-04,43
139,395,Vie,2023-11-11,2023-07-15,208
140,593,Auto,2021-01-12,2026-10-02,103
141,514,Santé,2021-06-18,2024-06-12,124
142,396,Auto,2024-09-12,2026-06-06,10
143,371,Vie,2022-10-29,2022-03-09,187
144,858,Santé,2023-11-11,2023-09-26,31
145,791,Santé,2025-11-10,2026-11-18,156
146,658,Vie,2025-06-12,2023-09-17,60
147,736,Habitation,2023-03-23,2022-08-22,249
148,384,Santé,2021-02-08,2022-01-31,270
149,62,Santé,2023-03-18,2022-02-19,217
150,505,Auto,2022-06-07,2023-07-28,2
151,239,Habitation,2021-02-25,2025-06-25,24
152,195,Auto,2024-06-29,2022-06-25,206
153,678,Auto,2021-04-16,2025-07-08,199
154,61,Habitation,2021-06-30,2026-04-30,114
155,1153,Habitation,2021-09-22,2021-03-25,280
156,990,Vie,2022-11-03,2021-09-28,155
157,685,Habitation,2025-01-03,2022-01-23,165
158,156,Santé,2020-12-29,2021-08-02,222
159,923,Habitation,2025-12-06,2021-02-28,91
160,868,Vie,2021-06-29,2025-06-14,167
161,903,Vie,2021-09-25,2023-04-23,207
162,999,Vie,2025-04-20,2025-03-08,282
163,975,Habitation,2024-08-07,2025-09-26,65
164,388,Habitation,2022-08-20,2021-05-03,4
165,887,Auto,2022-06-01,2024-12-07,157
166,838,Auto,2022-05-20,2024-03-08,249
167,340,Santé,2021-05-30,2022-07-16,257
168,204,Auto,2023-11-21,2026-12-06,235
169,161,Santé,2022-05-15,2025-10-04,74
170,392,Vie,2025-11-23,2023-06-24,187
171,769,Auto,2023-01-13,2022-01-30,62
172,575,Habitation,2020-08-01,2025-09-23,164
173,534,Auto,2020-01-19,2025-09-13,56
174,1094,Santé,2021-10-03,2023-07-24,111
175,893,Auto,2023-01-09,2024-01-07,218
176,405,Vie,2020-11-25,2024-12-06,240
177,608,Habitation,2022-05-15,2021-03-16,21
178,828,Santé,2022-02-12,2021-10-22,141
179,1144,Habitation,2021-01-26,2021-01-21,265
180,690,Habitation,2021-09-28,2023-11-05,139
181,902,Santé,2022-10-22,2024-05-19,70
182,56,Habitation,2024-08-01,2022-07-14,118
183,366,Habitation,2022-01-09,2024-01-15,198
184,455,Auto,2024-03-25,2024-03-18,205
185,104,Habitation,2021-04-13,2022-01-07,214
186,77,Habitation,2023-02-09,2026-07-21,56
187,230,Habitation,2022-10-28,2023-03-29,287
188,331,Habitation,2022-05-23,2024-03-20,293
189,893,Santé,2021-04-04,2024-03-10,175
190,688,Vie,2024-03-29,2023-12-29,128
191,27,Auto,2022-01-21,2024-07-07,292
192,299,Habitation,2024-01-01,2026-07-05,288
193,957,Habitation,2024-11-12,2023-04-26,226
194,799,Santé,2022-05-03,2026-06-15,64
195,1115,Vie,2023-08-22,2022-06-05,48
196,480,Habitation,2021-04-22,2022-01-06,202
197,573,Santé,2020-05-14,2024-12-13,60
198,458,Auto,2023-02-26,2021-04-11,257
199,365,Auto,2021-02-13,2022-10-23,65
200,859,Habitation,2023-12-16,2025-08-09,239
201,351,Habitation,2023-08-10,2021-08-31,289
202,253,Vie,2023-06-23,2022-05-27,38
203,781,Vie,2024-04-28,2025-03-22,25
204,803,Habitation,2020-03-26,2026-10-16,59
205,1012,Santé,2025-02-08,2022-01-31,297
206,459,Vie,2024-01-09,2022-09-04,158
207,917,Habitation,2021-01-12,2024-06-14,57
208,499,Vie,2024-08-07,2026-02-01,48
209,950,Habitation,2022-12-10,2023-02-09,56
210,508,Auto,2020-08-29,2024-11-23,65
211,501,Habitation,2022-07-08,2022-02-11,268
212,803,Auto,2024-05-05,2026-02-16,69
213,598,Vie,2023-06-25,2025-02-12,216
214,166,Habitation,2020-03-10,2024-03-25,89
215,462,Vie,2025-10-05,2022-10-16,281
216,920,Auto,2023-11-06,2024-03-27,257
217,114,Habitation,2025-09-17,2023-09-04,160
218,992,Vie,2025-06-30,2024-12-10,234
219,207,Auto,2022-03-11,2024-09-29,131
220,515,Vie,2022-11-07,2021-08-17,49
221,709,Santé,2022-04-04,2026-03-09,147
222,1149,Auto,2022-01-25,2024-08-06,2
223,138,Auto,2025-06-18,2023-12-07,145
224,339,Auto,2025-01-13,2023-09-02,61
225,537,Habitation,2023-08-14,2025-10-05,273
226,68,Habitation,2024-05-28,2023-01-28,49
227,383,Habitation,2020-04-19,2021-11-17,131
228,19,Santé,2022-10-13,2022-07-10,43
229,683,Santé,2025-05-15,2023-04-24,57
230,74,Auto,2024-11-04,2024-08-29,50
231,573,Santé,2020-01-25,2024-10-18,178
232,939,Vie,2022-04-22,2022-10-30,293
233,1072,Auto,2022-01-07,2026-04-27,46
234,211,Auto,2025-10-05,2026-06-28,170
235,855,Vie,2020-06-28,2026-04-15,271
236,651,Auto,2020-08-19,2023-01-16,139
237,994,Santé,2025-04-01,2022-11-06,247
238,695,Habitation,2020-12-08,2026-12-04,148
239,540,Vie,2021-04-21,2023-12-02,230
240,901,Santé,2024-12-27,2022-09-10,280
241,780,Vie,2021-03-30,2026-12-06,125
242,1137,Vie,2023-06-09,2026-11-18,192
243,170,Auto,2020-10-15,2023-09-20,80
244,1038,Auto,2023-05-21,2024-08-21,94
245,288,Santé,2021-06-13,2024-10-09,226
246,189,Vie,2021-08-18,2021-10-13,65
247,914,Auto,2021-03-10,2026-10-12,88
248,1179,Auto,2022-05-31,2022-11-18,88
249,694,Vie,2024-11-16,2024-07-29,201
250,888,Santé,2021-02-05,2025-01-04,214
251,471,Santé,2025-11-05,2023-01-08,204
252,1099,Vie,2024-04-14,2026-05-13,89
253,277,Santé,2020-11-04,2026-03-10,61
254,940,Auto,2020-12-08,2025-01-25,271
255,571,Vie,2021-03-11,2026-10-02,94
256,857,Auto,2020-06-25,2022-05-01,27
257,1001,Habitation,2020-05-18,2025-02-22,214
258,458,Habitation,2020-07-12,2026-06-25,74
259,918,Santé,2023-03-30,2024-10-19,61
260,833,Habitation,2022-07-31,2023-10-28,186
261,1088,Auto,2021-06-08,2025-11-01,31
262,839,Habitation,2024-06-12,2022-10-30,219
263,193,Auto,2022-01-10,2024-05-05,12
264,616,Santé,2022-05-11,2023-04-15,32
265,406,Santé,2022-08-11,2023-05-26,160
266,943,Auto,2023-07-26,2023-09-29,237
267,721,Habitation,2023-06-28,2021-09-07,227
268,93,Santé,2024-10-09,2026-04-24,181
269,430,Vie,2025-12-27,2025-06-07,46
270,654,Santé,2022-03-02,2024-06-17,80
271,434,Habitation,2021-06-29,2023-05-22,135
272,1136,Vie,2025-01-18,2023-04-15,260
273,375,Habitation,2022-10-13,2023-07-08,247
274,1083,Auto,2025-04-11,2025-09-21,159
275,1067,Vie,2024-04-02,2024-08-06,203
276,207,Habitation,2020-02-26,2026-03-13,112
277,780,Vie,2025-11-29,2022-02-07,292
278,1142,Habitation,2020-01-05,2026-10-07,119
279,532,Vie,2023-12-08,2024-08-20,17
280,166,Habitation,2023-09-24,2024-02-13,227
281,643,Auto,2024-12-25,2021-07-29,117
282,1180,Vie,2023-07-06,2023-12-01,43
283,90,Vie,2025-11-07,2023-03-27,115
284,1118,Vie,2023-06-27,2021-08-22,283
285,13,Vie,2023-02-05,2023-03-04,37
286,973,Auto,2021-10-29,2026-03-23,113
287,805,Vie,2023-07-05,2025-06-02,35
288,945,Santé,2022-09-23,2026-12-07,132
289,742,Auto,2025-04-10,2021-12-01,228
290,876,Santé,2020-10-08,2024-09-21,147
291,1174,Vie,2023-05-12,2025-06-28,122
292,660,Habitation,2025-08-25,2024-01-03,81
293,1032,Santé,2022-07-24,2024-04-29,173
294,1053,Vie,2020-09-10,2021-11-20,154
295,296,Santé,2023-04-26,2025-11-26,150
296,986,Vie,2020-11-24,2021-10-11,58
297,926,Vie,2023-11-21,2021-08-01,63
298,640,Vie,2024-03-20,2025-07-17,156
299,340,Habitation,2023-04-07,2025-10-08,168
300,628,Santé,2024-09-12,2023-07-18,166
301,439,Auto,2023-04-16,2023-01-22,85
302,1168,Auto,2021-10-16,2024-11-18,137
303,942,Auto,2023-10-17,2025-12-27,189
304,830,Auto,2022-01-29,2023-11-12,2
305,519,Vie,2024-12-03,2025-11-30,106
306,976,Santé,2022-11-29,2026-03-08,72
307,1069,Santé,2021-02-19,2021-04-15,126
308,955,Habitation,2020-09-11,2025-01-29,170
309,952,Santé,2023-03-12,2025-01-22,205
310,944,Santé,2025-02-19,2024-12-26,195
311,155,Santé,2022-06-18,2023-02-09,158
312,88,Habitation,2025-08-20,2026-05-14,141
313,1097,Auto,2020-01-26,2026-07-21,275
314,931,Santé,2021-02-24,2022-01-14,7
315,179,Habitation,2023-05-29,2022-12-14,54
316,212,Habitation,2025-02-19,2024-10-04,104
317,465,Vie,2023-06-14,2021-08-13,61
318,631,Habitation,2022-10-05,2025-10-04,87
319,825,Auto,2020-08-06,2023-01-08,258
320,607,Santé,2024-02-19,2021-08-24,178
321,885,Habitation,2025-05-13,2021-07-02,242
322,366,Auto,2021-10-24,2022-12-13,203
323,276,Habitation,2022-09-16,2026-03-08,31
324,380,Habitation,2020-07-07,2026-03-04,289
325,945,Habitation,2020-09-11,2022-09-15,80
326,1088,Habitation,2020-03-08,2024-06-13,11
327,810,Habitation,2021-09-07,2024-02-25,254
328,925,Auto,2022-05-23,2023-01-19,287
329,494,Santé,2024-06-13,2022-05-25,176
330,1122,Santé,2020-12-22,2025-04-25,126
331,1095,Santé,2020-09-12,2025-12-29,47
332,364,Santé,2022-10-04,2023-02-24,206
333,570,Auto,2024-10-21,2021-05-17,107
334,763,Vie,2020-10-10,2026-11-05,275
335,276,Vie,2020-04-08,2025-11-13,123
336,50,Auto,2020-07-15,2024-05-07,134
337,728,Auto,2022-05-27,2024-08-26,107
338,906,Habitation,2025-02-11,2025-11-13,50
339,928,Habitation,2023-10-20,2024-07-28,95
340,564,Habitation,2021-07-23,2023-02-03,268
341,783,Santé,2022-12-01,2022-12-03,23
342,485,Habitation,2021-02-25,2021-06-01,54
343,1108,Vie,2023-04-19,2024-08-18,254
344,584,Santé,2021-06-28,2024-07-25,235
345,236,Habitation,2020-03-11,2025-09-08,59
346,56,Santé,2023-05-08,2023-10-29,164
347,360,Vie,2022-02-06,2023-03-18,259
348,110,Habitation,2024-09-02,2021-08-23,216
349,192,Vie,2021-10-16,2022-07-15,183
350,904,Vie,2024-12-01,2024-08-18,57
351,1117,Vie,2020-08-08,2021-02-07,145
352,862,Habitation,2020-06-30,2024-03-05,90
353,568,Auto,2020-11-02,2022-02-25,45
354,1084,Habitation,2023-11-20,2024-05-27,257
355,650,Vie,2022-10-10,2021-12-14,21
356,39,Habitation,2025-08-13,2026-01-06,21
357,1073,Vie,2022-04-27,2025-04-19,52
358,637,Auto,2022-03-14,2026-04-03,171
359,1037,Santé,2020-08-02,2026-03-17,67
360,36,Auto,2023-12-14,2024-10-29,113
361,101,Auto,2020-04-10,2025-12-30,300
362,1110,Santé,2021-07-26,2024-05-13,160
363,166,Habitation,2023-08-25,2022-02-09,266
364,383,Santé,2021-10-19,2025-09-18,232
365,790,Habitation,2024-03-13,2024-05-05,68
366,31,Habitation,2024-07-14,2021-04-25,28
367,11,Vie,2020-08-13,2025-08-04,116
368,96,Vie,2020-04-14,2021-03-06,51
369,453,Santé,2025-06-20,2024-07-23,181
370,192,Auto,2022-02-10,2023-04-05,260
371,486,Santé,2021-03-04,2024-11-16,79
372,1152,Habitation,2021-03-09,2023-08-27,273
373,238,Vie,2023-05-15,2022-01-04,108
374,1136,Santé,2022-05-15,2021-08-21,74
375,1169,Santé,2020-09-07,2023-06-26,175
376,1089,Vie,2022-05-05,2023-07-10,184
377,735,Vie,2023-04-08,2022-11-20,23
378,991,Vie,2021-07-14,2021-06-26,274
379,825,Habitation,2024-01-09,2023-11-01,129
380,106,Vie,2022-07-07,2025-01-09,291
381,181,Auto,2023-03-19,2022-09-22,186
382,184,Santé,2021-03-08,2021-06-13,59
383,226,Vie,2025-10-07,2026-10-02,1
384,777,Vie,2022-08-26,2023-04-04,131
385,790,Habitation,2022-04-15,2021-02-25,67
386,1113,Habitation,2022-06-16,2021-04-28,293
387,688,Santé,2021-04-16,2023-03-09,285
388,530,Auto,2020-09-03,2023-02-19,89
389,972,Santé,2022-09-17,2024-12-09,100
390,936,Vie,2022-07-15,2026-03-09,189
391,106,Auto,2023-04-06,2022-12-09,241
392,831,Auto,2022-12-10,2024-01-09,270
393,679,Auto,2025-01-08,2021-01-22,219
394,849,Auto,2021-11-19,2025-02-09,176
395,1056,Santé,2024-01-24,2023-04-23,233
396,393,Habitation,2022-08-17,2025-10-27,151
397,40,Habitation,2021-04-22,2024-01-22,277
398,660,Vie,2021-12-07,2021-07-11,229
399,981,Habitation,2023-02-11,2023-10-16,171
400,1106,Habitation,2022-01-23,2024-02-01,223
401,845,Habitation,2024-07-17,2022-01-31,213
402,201,Habitation,2021-08-10,2023-10-16,282
403,447,Vie,2023-08-27,2022-07-21,41
404,1062,Santé,2024-02-01,2021-08-19,122
405,444,Auto,2025-01-21,2023-05-24,227
406,761,Habitation,2020-07-25,2021-08-28,294
407,227,Santé,2020-06-13,2021-03-31,88
408,48,Habitation,2025-06-21,2022-04-02,267
409,1042,Habitation,2025-09-15,2021-12-20,29
410,912,Auto,2020-11-28,2023-10-02,247
411,187,Auto,2021-02-06,2024-09-18,244
412,345,Auto,2021-02-17,2022-03-15,61
413,224,Habitation,2020-02-14,2024-10-30,147
414,830,Habitation,2020-03-02,2021-12-11,174
415,488,Habitation,2022-05-17,2022-10-19,278
416,877,Auto,2024-01-31,2026-12-18,142
417,849,Vie,2020-01-19,2026-12-29,44
418,979,Santé,2020-12-30,2024-01-22,144
419,1017,Vie,2023-02-14,2022-09-18,55
420,188,Habitation,2021-08-02,2021-10-11,161
421,270,Habitation,2021-06-29,2026-06-03,285
422,310,Vie,2024-09-25,2025-08-06,198
423,1156,Habitation,2020-02-24,2021-08-11,159
424,1096,Santé,2022-02-16,2023-01-14,80
425,845,Habitation,2020-02-11,2022-04-08,31
426,486,Santé,2023-08-13,2025-04-18,112
427,120,Vie,2020-08-18,2025-09-02,46
428,220,Vie,2021-03-28,2024-03-09,205
429,53,Habitation,2024-03-25,2025-10-03,52
430,758,Santé,2023-10-13,2023-11-13,138
431,738,Habitation,2024-01-07,2022-10-27,74
432,720,Auto,2023-02-25,2024-09-18,41
433,406,Auto,2023-05-01,2023-10-12,77
434,608,Auto,2022-05-30,2026-11-03,187
435,1021,Auto,2020-03-25,2023-11-21,52
436,422,Habitation,2022-11-19,2025-10-31,87
437,712,Auto,2020-02-18,2026-03-29,109
438,247,Santé,2023-03-14,2021-12-29,225
439,72,Vie,2020-03-09,2024-11-13,248
440,185,Vie,2024-08-28,2022-10-30,69
441,6,Auto,2024-05-17,2026-02-24,120
442,906,Auto,2025-02-12,2024-10-26,67
443,387,Auto,2022-10-12,2021-04-09,61
444,699,Habitation,2021-03-21,2026-09-26,191
445,1100,Vie,2023-11-02,2022-02-26,189
446,827,Auto,2025-11-12,2025-02-12,151
447,349,Santé,2020-09-18,2021-03-03,286
448,308,Auto,2025-01-22,2024-02-07,96
449,1151,Vie,2022-06-15,2025-08-30,263
450,287,Auto,2022-12-30,2022-08-21,97
451,766,Vie,2024-04-05,2022-01-27,113
452,725,Auto,2020-04-01,2023-12-12,125
453,762,Santé,2020-05-06,2024-08-05,132
454,383,Auto,2020-03-20,2026-07-23,121
455,388,Santé,2025-01-21,2023-03-21,197
456,525,Santé,2022-09-09,2024-11-06,294
457,639,Auto,2022-07-04,2024-03-05,122
458,938,Santé,2021-11-24,2025-03-12,282
459,276,Habitation,2020-01-25,2024-10-17,260
460,500,Auto,2020-06-04,2023-05-31,39
461,717,Auto,2024-12-17,2025-05-19,54
462,337,Santé,2024-04-02,2021-09-11,161
463,932,Santé,2025-05-20,2026-08-30,289
464,481,Auto,2024-09-29,2024-03-14,200
465,911,Habitation,2022-12-16,2024-05-16,276
466,1082,Santé,2024-06-16,2021-06-15,16
467,109,Santé,2020-01-19,2025-04-23,173
468,328,Vie,2023-11-08,2022-09-09,248
469,315,Habitation,2023-05-01,2025-06-14,218
470,1135,Habitation,2023-11-11,2022-05-18,87
471,699,Auto,2020-10-03,2023-07-02,82
472,781,Habitation,2022-01-14,2026-10-28,62
473,156,Auto,2021-07-05,2022-08-08,287
474,887,Vie,2023-03-22,2026-05-13,42
475,1026,Habitation,2021-09-30,2022-01-31,12
476,758,Santé,2020-08-24,2025-06-20,234
477,722,Vie,2022-09-24,2026-02-24,131
478,913,Auto,2025-10-03,2022-02-06,115
479,871,Vie,2025-06-26,2023-09-02,218
480,13,Auto,2023-12-30,2021-08-12,137
481,608,Vie,2025-11-26,2022-06-02,106
482,498,Auto,2023-04-22,2021-08-24,179
483,238,Habitation,2023-10-23,2021-04-26,16
484,1118,Santé,2025-06-29,2021-08-14,242
485,781,Auto,2023-05-06,2021-07-01,226
486,1195,Vie,2023-10-26,2024-09-03,242
487,606,Auto,2021-01-07,2021-07-29,141
488,661,Auto,2024-02-29,2024-11-16,199
489,849,Auto,2022-04-28,2026-11-14,112
490,936,Vie,2023-09-07,2023-06-13,127
491,628,Santé,2021-05-18,2026-02-25,21
492,143,Habitation,2021-12-03,2024-01-15,147
493,714,Santé,2025-09-20,2026-07-20,89
494,479,Auto,2020-11-10,2022-01-29,203
495,565,Vie,2022-11-06,2023-04-24,85
496,471,Santé,2020-10-09,2025-03-05,167
497,384,Auto,2020-09-14,2022-08-27,72
498,926,Habitation,2021-07-28,2022-08-05,298
499,417,Habitation,2021-07-27,2026-08-05,9
500,308,Habitation,2022-11-08,2026-04-24,281
501,649,Auto,2024-04-01,2021-05-13,258
502,1025,Vie,2021-02-26,2023-09-03,275
503,1068,Santé,2024-01-29,2025-12-19,238
504,739,Habitation,2023-10-28,2025-03-24,20
505,1122,Auto,2022-01-27,2024-09-19,233
506,140,Auto,2023-01-09,2021-02-08,221
507,974,Santé,2024-04-23,2024-08-09,17
508,1017,Habitation,2021-03-04,2021-06-11,89
509,953,Auto,2025-07-14,2026-03-25,196
510,904,Santé,2020-07-22,2024-02-02,84
511,72,Vie,2025-06-15,2025-07-17,87
512,107,Vie,2020-11-02,2026-05-18,154
513,1066,Vie,2024-08-14,2023-11-24,228
514,883,Habitation,2020-01-14,2023-08-25,264
515,139,Santé,2025-02-03,2023-06-09,223
516,615,Santé,2025-05-15,2026-12-01,121
517,863,Auto,2022-12-16,2026-09-02,173
518,273,Auto,2021-12-23,2025-07-25,4
519,416,Auto,2022-02-18,2024-12-12,128
520,506,Santé,2023-05-18,2023-12-04,110
521,733,Auto,2021-06-12,2021-05-08,37
522,424,Santé,2022-03-08,2021-06-07,71
523,390,Santé,2020-12-09,2023-04-07,289
524,342,Vie,2023-07-26,2026-03-06,31
525,946,Auto,2020-07-27,2022-05-27,268
526,614,Vie,2021-10-02,2026-09-24,11
527,493,Habitation,2023-08-04,2022-03-19,32
528,192,Habitation,2025-05-01,2025-09-23,57
529,499,Habitation,2022-07-08,2026-06-30,166
530,822,Santé,2024-09-19,2025-08-23,188
531,227,Santé,2025-08-06,2021-09-24,19
532,139,Santé,2021-02-22,2023-04-18,116
533,856,Auto,2024-10-15,2022-05-04,184
534,817,Vie,2023-10-20,2022-12-03,270
535,1173,Santé,2023-01-04,2022-11-18,33
536,1139,Vie,2025-11-26,2023-09-23,10
537,1087,Vie,2024-03-25,2021-12-23,80
538,104,Vie,2022-12-06,2023-05-22,192
539,871,Auto,2025-01-24,2026-05-28,190
540,668,Auto,2023-01-24,2022-07-06,68
541,273,Habitation,2022-08-15,2025-12-16,125
542,1030,Habitation,2020-04-12,2021-11-19,59
543,1171,Vie,2023-03-15,2021-03-24,97
544,184,Habitation,2025-03-18,2021-09-19,275
545,1052,Vie,2024-10-21,2023-02-23,149
546,1143,Auto,2021-11-09,2024-05-08,278
547,293,Auto,2025-05-22,2023-07-03,265
548,177,Auto,2022-09-15,2023-08-02,9
549,58,Santé,2023-01-10,2024-08-11,283
550,308,Vie,2024-05-26,2025-03-16,273
551,977,Auto,2024-02-11,2022-11-20,8
552,1129,Vie,2024-11-24,2025-11-08,208
553,700,Habitation,2023-03-31,2023-04-19,125
554,83,Habitation,2022-07-20,2023-05-28,123
555,252,Auto,2023-11-26,2021-02-18,33
556,796,Vie,2022-11-27,2021-10-20,1
557,897,Auto,2025-06-01,2025-07-10,204
558,210,Habitation,2025-08-04,2022-06-20,6
559,816,Auto,2023-07-02,2021-11-07,297
560,609,Vie,2023-04-17,2022-06-21,5
561,447,Habitation,2021-08-16,2026-04-11,80
562,460,Santé,2023-11-22,2021-08-22,274
563,968,Habitation,2022-10-24,2024-05-17,177
564,472,Santé,2022-08-17,2026-11-12,136
565,370,Auto,2023-03-19,2023-08-25,25
566,900,Auto,2022-03-26,2023-06-09,183
567,923,Vie,2021-02-07,2026-08-21,168
568,137,Santé,2022-06-11,2021-02-04,178
569,367,Auto,2020-03-08,2022-03-23,95
570,912,Santé,2020-03-28,2025-10-30,33
571,184,Auto,2025-08-10,2025-04-08,111
572,472,Habitation,2023-03-04,2022-08-18,146
573,654,Auto,2024-09-16,2026-07-19,231
574,749,Vie,2023-10-06,2021-12-10,272
575,537,Habitation,2025-12-27,2024-01-09,38
576,802,Vie,2025-12-20,2024-11-20,135
577,920,Habitation,2024-07-01,2024-08-06,235
578,510,Santé,2020-06-26,2025-01-18,160
579,630,Vie,2023-10-13,2024-02-26,38
580,1002,Auto,2022-06-26,2026-04-06,150
581,1097,Santé,2021-08-08,2024-10-14,29
582,916,Auto,2022-09-16,2026-10-24,144
583,1034,Habitation,2023-02-05,2025-04-19,76
584,152,Habitation,2025-12-09,2026-03-10,145
585,1029,Auto,2025-08-26,2026-02-10,229
586,464,Auto,2023-05-04,2021-01-29,64
587,1137,Santé,2020-11-13,2022-12-07,269
588,271,Auto,2024-02-11,2023-10-18,184
589,1187,Vie,2025-07-27,2026-08-26,261
590,460,Vie,2025-08-04,2024-12-17,268
591,105,Auto,2021-05-17,2025-07-18,169
592,162,Vie,2025-07-15,2023-08-25,259
593,351,Auto,2020-04-28,2022-07-27,227
594,434,Santé,2021-12-10,2025-05-26,33
595,852,Vie,2020-02-14,2022-09-07,214
596,140,Vie,2020-11-09,2021-11-22,50
597,1156,Auto,2021-02-21,2021-12-25,210
598,87,Vie,2023-01-06,2025-12-16,29
599,183,Habitation,2020-11-21,2025-09-18,39
600,368,Santé,2023-12-10,2024-09-11,100
601,129,Santé,2025-06-09,2021-06-14,173
602,670,Vie,2020-03-14,2025-05-16,17
603,149,Vie,2024-05-21,2025-06-16,56
604,985,Habitation,2021-05-23,2024-03-22,226
605,852,Habitation,2021-11-18,2024-02-25,46
606,628,Vie,2021-10-18,2021-07-12,67
607,446,Vie,2024-03-22,2021-04-02,197
608,884,Habitation,2023-07-16,2021-05-19,142
609,294,Auto,2023-10-31,2022-04-26,23
610,1167,Habitation,2024-04-01,2024-09-18,94
611,250,Auto,2022-12-11,2021-12-06,242
612,878,Santé,2020-11-20,2023-12-12,237
613,948,Santé,2022-09-18,2023-03-10,54
614,975,Habitation,2025-06-16,2022-04-20,138
615,1049,Auto,2021-12-17,2025-01-02,272
616,789,Habitation,2020-10-03,2022-08-28,41
617,984,Habitation,2020-05-31,2023-04-01,98
618,889,Auto,2022-08-12,2022-08-21,183
619,890,Habitation,2024-02-15,2025-03-13,128
620,70,Santé,2020-09-15,2022-05-29,229
621,625,Vie,2022-05-18,2025-03-07,86
622,875,Vie,2023-04-06,2026-02-21,256
623,1136,Habitation,2021-11-18,2025-08-27,209
624,471,Auto,2020-11-05,2023-10-27,215
625,91,Auto,2024-02-11,2022-05-15,100
626,530,Santé,2021-04-17,2025-08-12,49
627,661,Auto,2022-03-24,2022-12-18,201
628,739,Auto,2022-04-25,2024-02-16,258
629,726,Santé,2023-03-10,2025-02-17,178
630,872,Habitation,2021-10-28,2022-10-28,245
631,192,Vie,2024-12-13,2023-12-16,123
632,138,Santé,2023-12-14,2021-08-16,171
633,345,Habitation,2024-11-02,2021-05-29,136
634,1009,Santé,2023-06-18,2023-12-06,59
635,503,Habitation,2020-12-20,2024-03-13,193
636,203,Santé,2025-02-15,2022-09-24,268
637,573,Habitation,2025-07-17,2024-09-25,260
638,192,Santé,2020-06-28,2022-02-17,95
639,5,Habitation,2020-03-06,2025-10-22,125
640,311,Santé,2022-03-30,2022-06-04,41
641,549,Vie,2023-10-03,2024-09-29,254
642,56,Vie,2020-06-19,2024-01-08,7
643,443,Auto,2023-10-22,2022-08-21,216
644,870,Habitation,2023-02-04,2025-07-18,69
645,585,Santé,2022-04-14,2025-08-13,69
646,752,Habitation,2020-08-14,2026-12-01,81
647,360,Vie,2021-03-17,2026-12-29,30
648,819,Habitation,2021-12-28,2026-04-09,73
649,30,Santé,2024-05-23,2022-12-31,262
650,108,Habitation,2025-11-01,2022-08-12,89
651,844,Santé,2022-11-02,2022-01-12,208
652,717,Vie,2025-01-06,2024-11-08,213
653,891,Vie,2025-01-22,2026-02-13,266
654,960,Vie,2021-05-07,2023-01-21,293
655,893,Auto,2024-03-28,2022-09-19,207
656,732,Vie,2023-02-17,2025-06-18,77
657,606,Habitation,2022-08-27,2023-09-22,288
658,457,Auto,2025-09-18,2025-05-03,47
659,615,Vie,2021-10-01,2022-12-04,110
660,698,Habitation,2020-06-21,2026-08-22,200
661,674,Habitation,2024-04-19,2024-03-25,210
662,543,Habitation,2020-09-15,2022-04-22,154
663,857,Santé,2021-05-31,2022-02-05,10
664,897,Auto,2021-06-06,2021-02-26,157
665,278,Habitation,2025-04-01,2026-02-19,261
666,552,Santé,2025-12-04,2022-03-24,77
667,111,Vie,2025-04-13,2021-07-22,257
668,385,Habitation,2023-02-13,2025-07-15,131
669,761,Santé,2022-04-18,2023-01-08,67
670,694,Habitation,2022-12-25,2021-07-21,228
671,405,Auto,2022-12-29,2024-09-15,163
672,22,Auto,2025-05-23,2023-06-11,15
673,678,Vie,2024-04-23,2021-08-04,232
674,611,Habitation,2024-04-29,2021-01-23,195
675,8,Santé,2023-01-19,2024-04-24,30
676,702,Vie,2022-01-19,2023-01-19,296
677,529,Habitation,2022-12-29,2023-03-16,220
678,602,Vie,2023-04-04,2021-05-14,147
679,657,Santé,2025-02-18,2021-11-17,259
680,166,Vie,2024-11-22,2022-03-10,292
681,849,Vie,2024-05-26,2023-11-12,299
682,496,Vie,2020-02-18,2023-05-23,143
683,590,Habitation,2022-12-11,2026-09-30,235
684,429,Santé,2023-08-05,2021-09-10,115
685,774,Auto,2024-07-07,2023-08-24,90
686,163,Habitation,2025-12-20,2023-01-09,208
687,366,Auto,2023-04-04,2024-02-04,164
688,72,Auto,2023-10-29,2024-09-01,84
689,655,Habitation,2025-01-02,2021-10-29,77
690,269,Habitation,2021-04-23,2026-06-01,161
691,415,Santé,2022-04-11,2022-07-05,5
692,1016,Santé,2024-06-02,2025-01-18,78
693,675,Vie,2021-11-12,2024-08-08,91
694,1084,Auto,2023-08-16,2025-05-07,87
695,6,Santé,2020-03-22,2025-12-28,270
696,982,Vie,2020-03-27,2025-12-30,104
697,570,Santé,2025-08-25,2024-03-10,175
698,407,Habitation,2022-04-01,2021-11-10,54
699,26,Santé,2020-06-11,2021-07-03,211
700,1029,Auto,2025-04-16,2025-08-15,95
701,986,Santé,2025-01-24,2022-12-14,223
702,390,Auto,2025-02-03,2026-12-16,9
703,710,Habitation,2023-01-20,2024-08-03,53
704,571,Auto,2025-02-25,2021-09-28,77
705,754,Santé,2022-07-11,2025-11-30,206
706,146,Vie,2025-12-15,2023-03-22,112
707,785,Habitation,2023-12-20,2021-07-17,165
708,526,Santé,2024-05-01,2023-12-16,279
709,13,Habitation,2021-07-18,2024-05-11,27
710,903,Habitation,2021-04-15,2025-07-03,70
711,384,Santé,2022-09-14,2022-09-20,218
712,556,Santé,2025-04-18,2022-08-27,189
713,887,Vie,2020-08-11,2024-03-07,124
714,19,Habitation,2020-12-16,2024-12-16,19
715,575,Habitation,2025-04-12,2023-12-17,257
716,751,Santé,2020-12-14,2025-05-05,296
717,1004,Auto,2020-06-30,2026-10-20,22
718,419,Santé,2021-09-28,2023-06-30,40
719,419,Habitation,2022-10-14,2022-08-17,38
720,122,Santé,2022-02-10,2024-10-27,48
721,432,Vie,2022-10-12,2022-08-23,183
722,44,Auto,2025-10-12,2022-05-29,75
723,381,Santé,2020-01-29,2026-03-11,209
724,145,Vie,2025-11-14,2026-11-02,183
725,363,Habitation,2025-03-08,2023-12-03,107
726,1074,Santé,2024-01-05,2026-05-12,188
727,1089,Habitation,2023-05-11,2023-03-21,264
728,355,Vie,2025-08-30,2026-12-21,86
729,800,Habitation,2023-01-30,2023-12-25,137
730,1188,Vie,2020-03-06,2021-10-17,95
731,1165,Vie,2023-02-08,2023-02-08,245
732,826,Vie,2020-12-03,2022-04-16,90
733,1152,Santé,2025-12-10,2021-03-29,59
734,398,Habitation,2024-09-24,2023-03-01,28
735,880,Habitation,2021-03-22,2025-07-23,72
736,463,Auto,2020-10-07,2024-08-02,270
737,808,Auto,2021-08-18,2023-05-15,24
738,187,Auto,2025-06-09,2024-07-17,112
739,732,Auto,2022-12-10,2021-01-24,300
740,429,Habitation,2020-07-28,2026-03-02,56
741,858,Vie,2020-05-05,2021-11-07,223
742,237,Vie,2021-05-06,2025-01-24,120
743,771,Santé,2022-08-27,2024-05-16,179
744,758,Vie,2021-08-03,2022-12-07,288
745,136,Habitation,2023-04-26,2024-09-21,281
746,792,Habitation,2020-08-17,2022-02-26,189
747,171,Habitation,2020-07-07,2025-11-09,66
748,159,Santé,2025-08-19,2023-08-05,298
749,201,Auto,2021-05-16,2024-04-01,249
750,962,Vie,2025-11-02,2026-01-09,76
751,583,Habitation,2020-02-18,2025-04-14,137
752,876,Habitation,2021-11-19,2023-04-29,164
753,371,Auto,2021-01-21,2025-05-09,233
754,103,Habitation,2022-08-27,2024-08-11,255
755,1002,Vie,2022-10-02,2026-09-21,294
756,1149,Santé,2024-09-20,2026-05-02,170
757,976,Habitation,2025-06-27,2024-08-01,174
758,798,Vie,2024-05-26,2022-01-22,18
759,658,Habitation,2024-11-24,2026-07-29,70
760,882,Auto,2020-09-27,2024-03-07,116
761,733,Habitation,2020-05-02,2026-07-19,80
762,423,Habitation,2023-07-04,2022-12-17,15
763,572,Santé,2023-12-15,2022-03-02,176
764,171,Auto,2020-09-15,2024-12-10,269
765,173,Auto,2022-08-05,2026-09-05,119
766,663,Santé,2025-09-25,2022-01-20,299
767,453,Habitation,2022-05-12,2021-02-25,188
768,350,Vie,2021-06-08,2021-04-16,57
769,494,Auto,2022-06-06,2022-11-01,199
770,620,Auto,2020-07-26,2022-01-11,17
771,1028,Habitation,2020-05-28,2023-01-13,288
772,1117,Habitation,2021-03-13,2023-08-25,55
773,919,Auto,2024-09-17,2021-11-04,269
774,6,Habitation,2020-12-23,2026-11-09,87
775,288,Vie,2023-05-25,2023-03-13,29
776,1170,Auto,2025-04-14,2021-04-20,22
777,608,Vie,2021-03-31,2025-07-23,285
778,457,Vie,2024-06-20,2021-12-06,48
779,1030,Habitation,2021-09-20,2025-05-08,5
780,624,Vie,2021-04-30,2023-09-06,250
781,376,Habitation,2020-07-18,2026-03-31,163
782,447,Santé,2021-01-05,2021-06-17,202
783,835,Habitation,2022-10-10,2022-07-11,101
784,1130,Vie,2025-06-05,2023-06-24,71
785,811,Santé,2024-01-11,2021-04-15,163
786,1120,Habitation,2020-09-04,2026-08-10,173
787,959,Vie,2022-02-26,2021-05-26,141
788,849,Auto,2025-09-09,2023-05-24,138
789,809,Auto,2024-03-01,2021-10-26,66
790,979,Habitation,2023-06-26,2025-10-03,198
791,416,Habitation,2021-08-27,2022-10-08,228
792,726,Auto,2024-08-16,2022-09-30,281
793,454,Vie,2023-11-18,2023-02-23,172
794,150,Vie,2024-12-25,2023-06-16,40
795,759,Vie,2021-05-16,2022-01-06,7
796,779,Habitation,2021-07-02,2022-05-02,174
797,973,Santé,2023-09-27,2026-07-31,151
798,763,Santé,2022-04-18,2024-09-22,211
799,1002,Santé,2023-12-01,2021-07-11,86
800,76,Santé,2023-12-19,2022-12-31,253
801,599,Santé,2022-04-27,2023-08-15,21
802,225,Habitation,2021-09-05,2022-01-16,257
803,113,Habitation,2021-02-15,2023-03-09,33
804,251,Santé,2021-11-08,2021-08-27,260
805,841,Habitation,2020-06-07,2024-01-11,234
806,714,Habitation,2025-08-23,2024-10-18,3
807,1107,Santé,2021-01-07,2025-03-08,227
808,125,Vie,2023-01-01,2025-07-26,284
809,1199,Habitation,2021-08-25,2021-02-06,70
810,1093,Vie,2020-08-03,2026-06-20,254
811,1071,Habitation,2025-06-19,2024-11-26,144
812,884,Habitation,2024-04-13,2025-01-30,24
813,30,Santé,2025-01-14,2024-05-09,234
814,281,Habitation,2025-05-16,2026-07-16,175
815,924,Auto,2021-12-27,2023-04-13,159
816,368,Auto,2023-05-29,2022-08-20,286
817,495,Santé,2022-12-01,2022-12-01,18
818,1049,Vie,2021-11-06,2025-07-05,44
819,718,Vie,2020-10-09,2026-07-12,155
820,1017,Vie,2022-12-17,2022-03-17,231
821,606,Auto,2025-03-23,2026-02-04,225
822,375,Vie,2023-02-26,2025-06-29,217
823,639,Vie,2022-08-05,2025-03-10,56
824,1049,Santé,2021-10-26,2023-12-31,31
825,116,Vie,2024-09-13,2022-07-22,59
826,48,Auto,2023-02-22,2021-08-24,235
827,99,Auto,2020-03-07,2024-07-28,107
828,405,Auto,2025-08-15,2024-03-31,191
829,685,Santé,2021-09-28,2023-10-30,18
830,903,Santé,2020-11-09,2026-10-09,226
831,503,Habitation,2021-07-18,2026-01-15,167
832,894,Vie,2024-05-20,2021-08-13,71
833,258,Santé,2022-04-05,2026-01-17,54
834,844,Auto,2023-01-10,2022-08-05,245
835,121,Auto,2022-10-22,2021-06-18,76
836,810,Santé,2021-10-23,2025-01-05,35
837,978,Santé,2022-03-15,2021-01-14,267
838,54,Santé,2021-06-19,2024-12-14,300
839,1019,Habitation,2023-10-23,2026-02-14,121
840,784,Auto,2023-05-20,2025-03-24,25
841,241,Habitation,2025-04-04,2025-08-17,160
842,483,Habitation,2025-12-04,2025-04-21,84
843,1013,Vie,2021-09-19,2023-11-18,114
844,187,Auto,2022-01-18,2025-09-28,223
845,656,Auto,2020-04-14,2022-03-22,166
846,262,Santé,2020-02-15,2022-12-17,191
847,953,Santé,2023-09-16,2023-03-30,175
848,491,Vie,2023-05-24,2026-11-22,1
849,431,Habitation,2022-09-08,2022-03-02,229
850,239,Santé,2022-08-17,2024-01-30,86
851,304,Santé,2024-02-24,2025-04-14,62
852,298,Auto,2025-01-10,2023-04-30,206
853,76,Auto,2024-01-21,2025-03-26,105
854,999,Santé,2024-04-08,2024-02-04,291
855,642,Auto,2024-02-16,2025-08-30,250
856,827,Vie,2025-08-25,2026-06-25,13
857,283,Santé,2025-06-23,2021-10-04,163
858,591,Auto,2025-05-27,2025-12-12,43
859,72,Vie,2022-06-30,2026-04-24,111
860,703,Auto,2023-07-18,2026-11-23,205
861,575,Auto,2024-12-07,2022-06-30,256
862,1000,Auto,2024-10-19,2021-04-20,144
863,892,Santé,2020-04-24,2022-06-29,146
864,12,Habitation,2024-05-22,2023-01-13,164
865,141,Auto,2023-08-15,2024-07-13,169
866,17,Vie,2025-02-03,2026-02-19,298
867,1087,Santé,2023-01-03,2023-12-25,233
868,253,Santé,2022-09-04,2021-11-29,271
869,465,Vie,2024-02-14,2025-03-17,60
870,376,Auto,2023-01-31,2024-03-02,296
871,981,Habitation,2020-10-23,2022-08-15,235
872,520,Auto,2022-11-28,2023-02-22,165
873,90,Vie,2020-09-15,2022-06-24,194
874,720,Santé,2025-08-16,2025-04-08,234
875,804,Habitation,2025-09-27,2025-02-28,183
876,796,Santé,2025-03-07,2022-09-11,232
877,630,Vie,2020-06-24,2026-01-08,107
878,1199,Auto,2022-09-27,2023-09-19,223
879,76,Habitation,2025-04-02,2026-11-17,80
880,926,Santé,2024-07-25,2026-12-11,234
881,400,Santé,2020-10-02,2025-06-05,184
882,970,Santé,2021-11-06,2025-02-27,185
883,1095,Auto,2024-12-28,2022-06-06,134
884,1148,Habitation,2022-11-17,2023-07-06,220
885,797,Auto,2023-09-18,2022-12-18,288
886,195,Auto,2025-10-04,2026-04-21,202
887,228,Auto,2021-06-30,2022-07-14,146
888,461,Vie,2023-02-09,2023-08-27,127
889,618,Vie,2025-09-14,2023-12-14,135
890,1045,Vie,2025-08-02,2023-06-09,114
891,64,Habitation,2021-03-14,2023-03-04,264
892,165,Auto,2024-10-18,2023-09-09,64
893,27,Auto,2024-06-03,2023-03-13,135
894,1012,Vie,2025-01-23,2021-02-12,41
895,285,Auto,2024-05-19,2025-05-29,296
896,281,Auto,2024-07-21,2025-11-13,3
897,838,Santé,2020-11-02,2021-12-16,194
898,831,Auto,2021-09-10,2025-04-17,110
899,1188,Santé,2023-02-06,2024-02-04,221
900,918,Auto,2023-10-27,2026-08-11,4
901,224,Habitation,2023-10-11,2025-11-16,244
902,784,Vie,2024-08-26,2022-08-07,166
903,1170,Santé,2025-10-16,2022-03-08,26
904,965,Vie,2020-06-29,2026-04-17,17
905,950,Santé,2024-01-27,2026-10-02,216
906,1054,Santé,2022-07-02,2024-09-10,92
907,45,Santé,2024-04-06,2026-07-24,31
908,471,Habitation,2025-10-14,2024-04-04,205
909,34,Auto,2022-11-10,2024-03-08,207
910,653,Santé,2024-06-23,2021-10-26,107
911,830,Habitation,2024-06-26,2026-04-24,146
912,221,Santé,2024-05-01,2023-02-28,101
913,534,Auto,2025-09-17,2023-04-30,241
914,692,Santé,2023-08-01,2024-10-09,247
915,932,Habitation,2022-04-01,2024-03-23,163
916,841,Auto,2021-08-24,2026-05-04,173
917,1011,Habitation,2024-06-08,2023-05-28,35
918,582,Auto,2022-02-23,2024-02-13,284
919,1140,Auto,2023-04-26,2025-04-27,21
920,239,Vie,2021-11-01,2025-07-05,163
921,441,Vie,2023-06-20,2026-03-19,97
922,148,Vie,2023-01-01,2024-10-14,55
923,1033,Auto,2025-06-20,2021-05-25,127
924,388,Santé,2020-04-10,2024-04-17,193
925,1074,Habitation,2024-11-14,2026-02-05,243
926,916,Habitation,2020-06-24,2026-01-29,88
927,638,Habitation,2020-08-25,2026-02-10,215
928,278,Vie,2023-01-27,2024-01-04,92
929,989,Auto,2025-05-31,2024-02-26,235
930,589,Vie,2025-06-26,2025-10-01,184
931,649,Santé,2024-03-17,2022-07-22,38
932,618,Auto,2022-01-24,2025-12-19,139
933,135,Habitation,2023-02-20,2022-06-15,195
934,580,Vie,2023-11-12,2025-04-11,15
935,1171,Vie,2020-05-19,2022-11-12,257
936,490,Santé,2021-06-24,2026-09-02,135
937,478,Santé,2023-11-15,2023-12-07,1
938,1183,Vie,2020-09-26,2022-12-30,49
939,384,Santé,2022-11-01,2025-09-26,96
940,163,Habitation,2025-03-05,2022-10-30,201
941,441,Santé,2021-05-20,2025-06-01,26
942,415,Santé,2023-02-03,2022-11-12,235
943,288,Vie,2025-09-10,2023-08-31,244
944,187,Vie,2025-02-15,2026-11-03,51
945,1162,Auto,2022-12-28,2023-04-07,81
946,130,Auto,2022-03-23,2021-10-24,36
947,194,Vie,2020-12-27,2024-06-07,67
948,316,Santé,2023-12-27,2026-11-23,129
949,144,Santé,2022-07-17,2025-09-25,155
950,16,Auto,2020-04-09,2026-07-18,245
951,423,Auto,2024-08-08,2021-11-26,111
952,245,Auto,2025-08-18,2024-03-01,168
953,927,Habitation,2022-11-18,2026-03-06,142
954,1131,Habitation,2022-07-09,2022-01-17,197
955,1112,Auto,2021-09-23,2026-12-26,109
956,129,Santé,2021-11-12,2023-04-23,79
957,907,Auto,2025-10-30,2022-01-31,161
958,887,Habitation,2022-01-23,2022-03-26,19
959,341,Santé,2024-01-04,2024-09-16,127
960,4,Habitation,2021-12-20,2026-06-10,205
961,306,Santé,2020-03-15,2024-08-01,29
962,908,Habitation,2023-07-17,2024-07-21,207
963,607,Santé,2025-04-06,2026-08-30,280
964,992,Santé,2020-03-02,2024-07-17,151
965,321,Santé,2022-05-23,2026-01-24,240
966,559,Santé,2020-11-15,2021-07-05,266
967,618,Vie,2025-11-19,2024-05-18,182
968,711,Habitation,2023-12-23,2024-12-08,105
969,1132,Habitation,2022-05-23,2021-09-10,236
970,531,Vie,2024-10-11,2021-01-19,173
971,410,Santé,2024-04-04,2024-03-05,158
972,818,Santé,2020-04-21,2021-08-11,172
973,1195,Habitation,2021-04-05,2021-01-03,157
974,493,Vie,2022-06-05,2024-06-13,258
975,12,Santé,2023-01-20,2023-05-04,164
976,195,Santé,2022-12-11,2025-01-28,147
977,490,Santé,2021-06-03,2021-08-16,154
978,795,Auto,2022-03-22,2025-08-05,38
979,881,Vie,2025-04-08,2022-05-14,131
980,182,Santé,2024-05-23,2026-03-01,255
981,962,Auto,2022-07-15,2026-07-09,208
982,656,Vie,2021-07-10,2024-03-08,95
983,694,Santé,2022-11-21,2024-07-23,171
984,30,Habitation,2021-08-01,2023-12-13,250
985,1120,Auto,2021-06-25,2022-12-16,190
986,778,Auto,2025-12-01,2023-08-06,199
987,444,Santé,2022-11-18,2023-05-20,221
988,298,Santé,2021-04-18,2023-12-07,24
989,808,Auto,2022-06-23,2021-04-04,244
990,845,Habitation,2025-04-29,2022-07-14,128
991,1016,Habitation,2021-01-20,2025-11-11,93
992,554,Vie,2020-03-02,2022-03-12,300
993,303,Santé,2021-05-29,2023-05-02,133
994,421,Habitation,2021-03-05,2021-07-24,55
995,185,Vie,2021-08-02,2024-01-05,158
996,468,Habitation,2024-04-09,2021-03-18,29
997,754,Santé,2023-03-10,2023-03-27,211
998,363,Vie,2023-08-16,2023-02-07,154
999,336,Vie,2021-04-15,2021-04-16,293
1000,162,Vie,2023-11-17,2026-11-06,222
1001,1184,Habitation,2024-07-23,2025-10-13,115
1002,12,Santé,2024-01-08,2025-01-05,158
1003,1097,Vie,2022-03-19,2021-09-02,259
1004,588,Auto,2020-06-20,2024-11-06,251
1005,201,Santé,2020-01-31,2023-09-09,122
1006,522,Auto,2020-02-16,2025-10-03,299
1007,505,Auto,2020-05-09,2021-05-22,263
1008,788,Vie,2022-09-04,2023-06-12,49
1009,1063,Vie,2024-07-03,2024-10-23,297
1010,60,Habitation,2024-05-23,2022-06-29,77
1011,578,Habitation,2020-02-27,2025-01-09,127
1012,321,Habitation,2023-02-03,2023-02-02,197
1013,923,Santé,2023-09-15,2022-09-16,221
1014,569,Habitation,2022-02-06,2022-10-18,91
1015,1102,Auto,2021-11-13,2024-06-01,8
1016,527,Habitation,2025-07-01,2021-02-12,32
1017,524,Vie,2024-11-25,2023-10-24,269
1018,613,Habitation,2024-01-17,2025-07-19,191
1019,1180,Santé,2022-06-04,2024-07-15,163
1020,125,Santé,2021-01-31,2022-08-19,61
1021,871,Auto,2024-03-18,2023-10-10,264
1022,280,Santé,2025-09-04,2026-10-12,285
1023,917,Habitation,2020-11-08,2023-08-16,95
1024,622,Vie,2025-12-13,2022-07-15,41
1025,846,Santé,2024-05-07,2024-08-23,149
1026,674,Auto,2023-05-06,2024-08-05,204
1027,1152,Habitation,2022-03-21,2025-12-27,267
1028,314,Auto,2025-07-25,2025-03-31,2
1029,332,Santé,2024-02-16,2023-04-30,178
1030,1174,Santé,2021-03-25,2024-07-02,194
1031,36,Auto,2025-03-09,2025-03-14,196
1032,1046,Habitation,2023-10-09,2025-12-20,249
1033,206,Santé,2021-08-19,2025-10-08,212
1034,639,Vie,2025-11-17,2022-08-29,153
1035,848,Santé,2021-09-07,2025-01-26,158
1036,440,Habitation,2022-08-05,2024-07-18,139
1037,729,Santé,2024-04-30,2023-01-16,221
1038,1120,Auto,2021-07-09,2022-07-12,273
1039,941,Santé,2020-10-04,2026-10-13,154
1040,164,Santé,2025-07-06,2023-07-31,249
1041,148,Habitation,2021-05-05,2024-06-23,279
1042,294,Auto,2020-09-11,2023-07-29,276
1043,195,Habitation,2022-06-10,2025-05-30,2
1044,663,Santé,2021-06-25,2025-09-22,88
1045,480,Vie,2023-07-11,2023-09-12,287
1046,123,Santé,2024-06-21,2025-05-07,130
1047,699,Habitation,2022-04-04,2024-08-29,78
1048,965,Vie,2023-09-14,2026-02-18,260
1049,661,Habitation,2020-10-07,2022-10-24,241
1050,1128,Habitation,2023-07-22,2021-02-02,141
1051,710,Auto,2022-02-11,2025-12-22,228
1052,396,Vie,2020-11-23,2026-10-22,163
1053,912,Santé,2022-07-11,2026-03-05,236
1054,1005,Habitation,2021-07-05,2024-03-02,128
1055,1166,Santé,2025-09-04,2021-03-02,200
1056,317,Auto,2025-09-05,2025-03-24,31
1057,681,Auto,2021-12-02,2021-09-29,138
1058,495,Vie,2025-04-03,2024-04-14,21
1059,556,Auto,2020-06-15,2025-12-12,234
1060,610,Auto,2020-06-17,2024-02-29,202
1061,109,Santé,2020-08-16,2024-01-31,279
1062,372,Auto,2025-06-25,2021-11-06,131
1063,855,Auto,2021-01-01,2024-08-08,148
1064,616,Habitation,2021-06-11,2025-10-12,29
1065,768,Auto,2022-03-01,2021-12-04,162
1066,206,Habitation,2021-06-07,2021-01-10,61
1067,847,Auto,2022-12-31,2021-02-18,125
1068,43,Auto,2024-07-26,2025-02-19,71
1069,865,Vie,2025-11-23,2024-09-06,243
1070,785,Vie,2025-03-23,2023-01-01,249
1071,476,Habitation,2023-07-29,2023-03-06,221
1072,83,Auto,2020-05-12,2025-07-07,21
1073,1134,Santé,2024-06-30,2021-05-13,82
1074,190,Vie,2025-03-03,2026-11-01,10
1075,800,Santé,2024-11-05,2026-10-06,12
1076,936,Vie,2020-01-18,2022-01-11,263
1077,251,Vie,2024-11-12,2021-09-28,145
1078,291,Auto,2020-04-26,2025-02-15,192
1079,326,Vie,2022-03-08,2026-11-29,250
1080,837,Santé,2024-09-07,2021-03-17,114
1081,508,Vie,2022-01-22,2026-05-11,26
1082,731,Habitation,2023-10-24,2025-07-25,271
1083,72,Auto,2025-09-28,2021-11-25,33
1084,641,Auto,2021-11-08,2026-12-10,62
1085,940,Habitation,2020-04-15,2021-02-10,229
1086,608,Habitation,2021-10-19,2024-04-05,95
1087,566,Habitation,2025-04-30,2026-08-19,35
1088,54,Vie,2023-12-19,2021-01-13,193
1089,528,Auto,2022-12-31,2023-07-13,76
1090,611,Habitation,2022-09-14,2026-01-17,249
1091,193,Vie,2024-12-13,2024-05-17,83
1092,58,Habitation,2024-11-17,2024-04-29,25
1093,1135,Santé,2021-03-21,2022-10-15,57
1094,129,Santé,2025-05-02,2025-08-31,32
1095,706,Auto,2025-10-18,2022-09-13,12
1096,852,Vie,2025-06-20,2026-05-17,92
1097,8,Santé,2022-02-12,2025-07-04,1
1098,29,Santé,2024-04-10,2022-02-21,136
1099,1136,Vie,2024-08-02,2022-10-26,196
1100,947,Habitation,2023-01-27,2025-11-14,133
1101,131,Vie,2023-07-25,2024-10-11,86
1102,188,Habitation,2024-05-05,2021-05-28,295
1103,709,Santé,2024-08-13,2026-08-08,279
1104,212,Santé,2022-08-01,2024-10-20,180
1105,276,Santé,2021-03-30,2025-09-22,4
1106,1097,Auto,2023-02-01,2022-02-06,126
1107,243,Auto,2022-08-03,2025-02-24,175
1108,1126,Auto,2021-08-23,2026-07-25,251
1109,987,Vie,2021-12-25,2021-08-17,21
1110,685,Santé,2023-11-18,2025-05-18,105
1111,171,Santé,2024-03-04,2021-09-25,66
1112,653,Vie,2020-09-07,2024-11-29,263
1113,188,Auto,2024-03-24,2025-12-22,49
1114,1110,Vie,2020-03-19,2023-11-01,16
1115,52,Auto,2022-06-16,2024-09-05,145
1116,111,Santé,2022-02-19,2021-05-06,250
1117,877,Habitation,2020-08-13,2025-09-22,75
1118,1067,Auto,2022-12-10,2024-01-18,290
1119,211,Santé,2023-04-24,2024-10-07,282
1120,858,Santé,2022-11-23,2022-11-20,66
1121,627,Habitation,2022-03-13,2024-07-04,125
1122,1050,Santé,2022-01-11,2024-05-17,87
1123,299,Santé,2025-12-18,2021-10-08,41
1124,1101,Auto,2021-12-04,2022-03-19,186
1125,924,Auto,2023-11-27,2026-02-07,266
1126,137,Habitation,2021-09-06,2023-04-17,271
1127,1044,Habitation,2020-11-24,2022-01-24,42
1128,440,Santé,2023-10-27,2022-09-09,93
1129,211,Auto,2024-01-23,2021-05-27,185
1130,752,Habitation,2020-05-12,2022-06-05,215
1131,435,Habitation,2022-04-14,2022-09-22,17
1132,780,Vie,2020-04-30,2021-10-16,265
1133,439,Habitation,2024-01-15,2024-11-10,114
1134,666,Santé,2022-08-22,2021-01-14,292
1135,1066,Auto,2020-05-08,2021-09-14,292
1136,411,Habitation,2024-05-17,2025-09-18,48
1137,806,Vie,2025-09-07,2024-11-24,97
1138,610,Auto,2024-03-27,2024-05-15,95
1139,427,Habitation,2020-11-28,2023-05-08,74
1140,902,Vie,2023-02-27,2024-04-10,68
1141,942,Habitation,2023-08-09,2022-04-09,246
1142,742,Auto,2023-04-11,2021-09-27,77
1143,328,Auto,2023-11-30,2024-05-29,208
1144,52,Auto,2020-12-21,2024-04-21,254
1145,376,Santé,2020-05-18,2021-03-13,221
1146,263,Habitation,2024-03-06,2024-07-30,262
1147,267,Santé,2023-04-12,2026-10-23,259
1148,359,Auto,2020-01-29,2025-10-17,74
1149,652,Vie,2022-07-19,2022-05-12,125
1150,46,Habitation,2022-10-10,2023-09-15,188
1151,600,Santé,2022-04-07,2023-06-29,254
1152,720,Habitation,2020-12-16,2022-01-08,235
1153,601,Vie,2025-07-17,2021-12-28,250
1154,381,Santé,2020-10-25,2026-11-11,72
1155,118,Auto,2024-10-09,2024-09-06,235
1156,116,Santé,2025-02-08,2021-11-20,156
1157,260,Habitation,2023-04-30,2022-07-29,115
1158,1099,Habitation,2024-08-22,2023-01-06,228
1159,305,Habitation,2025-10-12,2024-04-30,245
1160,7,Habitation,2022-01-24,2025-08-23,14
1161,366,Auto,2022-02-08,2026-03-23,16
1162,523,Santé,2023-05-23,2022-12-20,42
1163,429,Auto,2022-04-13,2023-02-20,110
1164,791,Auto,2025-03-21,2023-10-17,278
1165,747,Auto,2024-04-13,2024-11-04,19
1166,367,Habitation,2023-05-03,2024-11-27,66
1167,313,Habitation,2021-05-20,2022-10-26,167
1168,538,Habitation,2023-09-19,2025-11-08,73
1169,921,Santé,2023-12-31,2021-01-11,112
1170,1078,Vie,2023-11-17,2023-11-05,274
1171,865,Habitation,2023-03-18,2022-08-08,85
1172,1188,Santé,2022-01-30,2023-12-12,139
1173,782,Habitation,2022-04-12,2024-10-06,39
1174,334,Habitation,2023-11-29,2024-12-22,105
1175,798,Auto,2020-10-09,2026-01-29,281
1176,348,Auto,2021-01-13,2025-11-25,123
1177,273,Auto,2020-07-16,2023-01-13,218
1178,963,Santé,2021-07-09,2025-11-12,61
1179,720,Vie,2020-12-21,2021-07-23,100
1180,500,Vie,2024-04-12,2023-12-13,204
1181,1117,Santé,2022-11-06,2023-09-01,258
1182,685,Habitation,2021-01-13,2024-10-30,5
1183,79,Santé,2021-11-10,2026-02-09,197
1184,622,Habitation,2024-11-14,2024-07-23,180
1185,947,Santé,2022-06-17,2023-11-21,133
1186,358,Santé,2020-03-16,2024-03-04,253
1187,618,Santé,2020-08-18,2021-04-15,265
1188,507,Vie,2024-10-05,2021-09-10,93
1189,576,Auto,2022-08-19,2021-10-22,150
1190,244,Santé,2025-10-17,2024-03-27,138
1191,506,Vie,2021-01-27,2022-07-03,208
1192,422,Auto,2023-01-13,2025-11-13,125
1193,1111,Auto,2020-09-23,2021-10-26,234
1194,217,Santé,2022-12-28,2025-10-15,61
1195,1009,Habitation,2021-09-02,2026-01-18,266
1196,1193,Habitation,2023-10-02,2021-04-11,134
1197,330,Habitation,2022-10-05,2025-11-10,113
1198,650,Santé,2022-08-19,2023-05-24,191
1199,391,Habitation,2021-11-03,2021-04-02,187
1200,381,Vie,2024-08-27,2022-03-23,89
